ISO-10303-21;
HEADER;
FILE_DESCRIPTION(('KiCad electronic assembly'),'2;1');
FILE_NAME('EggPCB.step','2025-07-14T15:27:22',('Pcbnew'),('Kicad'),
  'Open CASCADE STEP processor 7.6','KiCad to STEP converter','Unknown'
  );
FILE_SCHEMA(('AUTOMOTIVE_DESIGN { 1 0 10303 214 1 1 1 1 }'));
ENDSEC;
DATA;
#1 = APPLICATION_PROTOCOL_DEFINITION('international standard',
  'automotive_design',2000,#2);
#2 = APPLICATION_CONTEXT(
  'core data for automotive mechanical design processes');
#3 = SHAPE_DEFINITION_REPRESENTATION(#4,#10);
#4 = PRODUCT_DEFINITION_SHAPE('','',#5);
#5 = PRODUCT_DEFINITION('design','',#6,#9);
#6 = PRODUCT_DEFINITION_FORMATION('','',#7);
#7 = PRODUCT('EggPCB 1','EggPCB 1','',(#8));
#8 = PRODUCT_CONTEXT('',#2,'mechanical');
#9 = PRODUCT_DEFINITION_CONTEXT('part definition',#2,'design');
#10 = SHAPE_REPRESENTATION('',(#11,#15,#19,#23,#27,#31,#35,#39,#43,#47,
    #51),#55);
#11 = AXIS2_PLACEMENT_3D('',#12,#13,#14);
#12 = CARTESIAN_POINT('',(0.,0.,0.));
#13 = DIRECTION('',(0.,0.,1.));
#14 = DIRECTION('',(1.,0.,-0.));
#15 = AXIS2_PLACEMENT_3D('',#16,#17,#18);
#16 = CARTESIAN_POINT('',(115.57,-100.33,1.595));
#17 = DIRECTION('',(0.,0.,1.));
#18 = DIRECTION('',(1.,0.,0.));
#19 = AXIS2_PLACEMENT_3D('',#20,#21,#22);
#20 = CARTESIAN_POINT('',(106.68,-120.65,1.595));
#21 = DIRECTION('',(0.,0.,1.));
#22 = DIRECTION('',(1.,0.,0.));
#23 = AXIS2_PLACEMENT_3D('',#24,#25,#26);
#24 = CARTESIAN_POINT('',(102.87,-115.57,1.595));
#25 = DIRECTION('',(0.,0.,1.));
#26 = DIRECTION('',(1.,0.,0.));
#27 = AXIS2_PLACEMENT_3D('',#28,#29,#30);
#28 = CARTESIAN_POINT('',(116.84,-120.65,1.595));
#29 = DIRECTION('',(0.,0.,1.));
#30 = DIRECTION('',(1.,0.,0.));
#31 = AXIS2_PLACEMENT_3D('',#32,#33,#34);
#32 = CARTESIAN_POINT('',(111.76,-100.33,1.595));
#33 = DIRECTION('',(0.,0.,1.));
#34 = DIRECTION('',(1.,0.,0.));
#35 = AXIS2_PLACEMENT_3D('',#36,#37,#38);
#36 = CARTESIAN_POINT('',(107.69,-112.75,1.595));
#37 = DIRECTION('',(0.,0.,1.));
#38 = DIRECTION('',(1.,0.,0.));
#39 = AXIS2_PLACEMENT_3D('',#40,#41,#42);
#40 = CARTESIAN_POINT('',(107.69,-108.25,1.595));
#41 = DIRECTION('',(0.,0.,1.));
#42 = DIRECTION('',(1.,0.,0.));
#43 = AXIS2_PLACEMENT_3D('',#44,#45,#46);
#44 = CARTESIAN_POINT('',(110.49,-120.65,1.595));
#45 = DIRECTION('',(0.,0.,1.));
#46 = DIRECTION('',(1.,0.,0.));
#47 = AXIS2_PLACEMENT_3D('',#48,#49,#50);
#48 = CARTESIAN_POINT('',(107.95,-100.33,1.595));
#49 = DIRECTION('',(-0.,0.,1.));
#50 = DIRECTION('',(1.110223024625E-16,-1.,0.));
#51 = AXIS2_PLACEMENT_3D('',#52,#53,#54);
#52 = CARTESIAN_POINT('',(0.,0.,0.));
#53 = DIRECTION('',(0.,0.,1.));
#54 = DIRECTION('',(1.,0.,-0.));
#55 = ( GEOMETRIC_REPRESENTATION_CONTEXT(3) 
GLOBAL_UNCERTAINTY_ASSIGNED_CONTEXT((#59)) GLOBAL_UNIT_ASSIGNED_CONTEXT(
(#56,#57,#58)) REPRESENTATION_CONTEXT('Context #1',
  '3D Context with UNIT and UNCERTAINTY') );
#56 = ( LENGTH_UNIT() NAMED_UNIT(*) SI_UNIT(.MILLI.,.METRE.) );
#57 = ( NAMED_UNIT(*) PLANE_ANGLE_UNIT() SI_UNIT($,.RADIAN.) );
#58 = ( NAMED_UNIT(*) SI_UNIT($,.STERADIAN.) SOLID_ANGLE_UNIT() );
#59 = UNCERTAINTY_MEASURE_WITH_UNIT(LENGTH_MEASURE(1.E-07),#56,
  'distance_accuracy_value','confusion accuracy');
#60 = PRODUCT_RELATED_PRODUCT_CATEGORY('part',$,(#7));
#61 = SHAPE_DEFINITION_REPRESENTATION(#62,#68);
#62 = PRODUCT_DEFINITION_SHAPE('','',#63);
#63 = PRODUCT_DEFINITION('design','',#64,#67);
#64 = PRODUCT_DEFINITION_FORMATION('','',#65);
#65 = PRODUCT('PinHeader_1x01_P2.54mm_Vertical',
  'PinHeader_1x01_P2.54mm_Vertical','',(#66));
#66 = PRODUCT_CONTEXT('',#2,'mechanical');
#67 = PRODUCT_DEFINITION_CONTEXT('part definition',#2,'design');
#68 = ADVANCED_BREP_SHAPE_REPRESENTATION('',(#11,#69),#827);
#69 = MANIFOLD_SOLID_BREP('',#70);
#70 = CLOSED_SHELL('',(#71,#111,#142,#173,#256,#339,#356,#373,#390,#407,
    #419,#450,#474,#498,#515,#546,#570,#594,#611,#642,#666,#690,#707,
    #738,#762,#786,#803,#815));
#71 = ADVANCED_FACE('',(#72),#106,.F.);
#72 = FACE_BOUND('',#73,.F.);
#73 = EDGE_LOOP('',(#74,#84,#92,#100));
#74 = ORIENTED_EDGE('',*,*,#75,.T.);
#75 = EDGE_CURVE('',#76,#78,#80,.T.);
#76 = VERTEX_POINT('',#77);
#77 = CARTESIAN_POINT('',(-1.016,1.27,0.));
#78 = VERTEX_POINT('',#79);
#79 = CARTESIAN_POINT('',(-1.016,1.27,2.54));
#80 = LINE('',#81,#82);
#81 = CARTESIAN_POINT('',(-1.016,1.27,0.));
#82 = VECTOR('',#83,1.);
#83 = DIRECTION('',(0.,0.,1.));
#84 = ORIENTED_EDGE('',*,*,#85,.T.);
#85 = EDGE_CURVE('',#78,#86,#88,.T.);
#86 = VERTEX_POINT('',#87);
#87 = CARTESIAN_POINT('',(-1.27,1.016,2.54));
#88 = LINE('',#89,#90);
#89 = CARTESIAN_POINT('',(-1.016,1.27,2.54));
#90 = VECTOR('',#91,1.);
#91 = DIRECTION('',(-0.707106781187,-0.707106781187,0.));
#92 = ORIENTED_EDGE('',*,*,#93,.F.);
#93 = EDGE_CURVE('',#94,#86,#96,.T.);
#94 = VERTEX_POINT('',#95);
#95 = CARTESIAN_POINT('',(-1.27,1.016,0.));
#96 = LINE('',#97,#98);
#97 = CARTESIAN_POINT('',(-1.27,1.016,0.));
#98 = VECTOR('',#99,1.);
#99 = DIRECTION('',(0.,0.,1.));
#100 = ORIENTED_EDGE('',*,*,#101,.F.);
#101 = EDGE_CURVE('',#76,#94,#102,.T.);
#102 = LINE('',#103,#104);
#103 = CARTESIAN_POINT('',(-1.016,1.27,0.));
#104 = VECTOR('',#105,1.);
#105 = DIRECTION('',(-0.707106781187,-0.707106781187,0.));
#106 = PLANE('',#107);
#107 = AXIS2_PLACEMENT_3D('',#108,#109,#110);
#108 = CARTESIAN_POINT('',(-1.016,1.27,0.));
#109 = DIRECTION('',(0.707106781187,-0.707106781187,0.));
#110 = DIRECTION('',(-0.707106781187,-0.707106781187,0.));
#111 = ADVANCED_FACE('',(#112),#137,.F.);
#112 = FACE_BOUND('',#113,.F.);
#113 = EDGE_LOOP('',(#114,#124,#130,#131));
#114 = ORIENTED_EDGE('',*,*,#115,.T.);
#115 = EDGE_CURVE('',#116,#118,#120,.T.);
#116 = VERTEX_POINT('',#117);
#117 = CARTESIAN_POINT('',(1.016,1.27,0.));
#118 = VERTEX_POINT('',#119);
#119 = CARTESIAN_POINT('',(1.016,1.27,2.54));
#120 = LINE('',#121,#122);
#121 = CARTESIAN_POINT('',(1.016,1.27,0.));
#122 = VECTOR('',#123,1.);
#123 = DIRECTION('',(0.,0.,1.));
#124 = ORIENTED_EDGE('',*,*,#125,.T.);
#125 = EDGE_CURVE('',#118,#78,#126,.T.);
#126 = LINE('',#127,#128);
#127 = CARTESIAN_POINT('',(1.016,1.27,2.54));
#128 = VECTOR('',#129,1.);
#129 = DIRECTION('',(-1.,0.,0.));
#130 = ORIENTED_EDGE('',*,*,#75,.F.);
#131 = ORIENTED_EDGE('',*,*,#132,.F.);
#132 = EDGE_CURVE('',#116,#76,#133,.T.);
#133 = LINE('',#134,#135);
#134 = CARTESIAN_POINT('',(1.016,1.27,0.));
#135 = VECTOR('',#136,1.);
#136 = DIRECTION('',(-1.,0.,0.));
#137 = PLANE('',#138);
#138 = AXIS2_PLACEMENT_3D('',#139,#140,#141);
#139 = CARTESIAN_POINT('',(1.016,1.27,0.));
#140 = DIRECTION('',(0.,-1.,0.));
#141 = DIRECTION('',(-1.,0.,0.));
#142 = ADVANCED_FACE('',(#143),#168,.F.);
#143 = FACE_BOUND('',#144,.F.);
#144 = EDGE_LOOP('',(#145,#146,#154,#162));
#145 = ORIENTED_EDGE('',*,*,#93,.T.);
#146 = ORIENTED_EDGE('',*,*,#147,.T.);
#147 = EDGE_CURVE('',#86,#148,#150,.T.);
#148 = VERTEX_POINT('',#149);
#149 = CARTESIAN_POINT('',(-1.27,-1.016,2.54));
#150 = LINE('',#151,#152);
#151 = CARTESIAN_POINT('',(-1.27,1.016,2.54));
#152 = VECTOR('',#153,1.);
#153 = DIRECTION('',(0.,-1.,0.));
#154 = ORIENTED_EDGE('',*,*,#155,.F.);
#155 = EDGE_CURVE('',#156,#148,#158,.T.);
#156 = VERTEX_POINT('',#157);
#157 = CARTESIAN_POINT('',(-1.27,-1.016,0.));
#158 = LINE('',#159,#160);
#159 = CARTESIAN_POINT('',(-1.27,-1.016,0.));
#160 = VECTOR('',#161,1.);
#161 = DIRECTION('',(0.,0.,1.));
#162 = ORIENTED_EDGE('',*,*,#163,.F.);
#163 = EDGE_CURVE('',#94,#156,#164,.T.);
#164 = LINE('',#165,#166);
#165 = CARTESIAN_POINT('',(-1.27,1.016,0.));
#166 = VECTOR('',#167,1.);
#167 = DIRECTION('',(0.,-1.,0.));
#168 = PLANE('',#169);
#169 = AXIS2_PLACEMENT_3D('',#170,#171,#172);
#170 = CARTESIAN_POINT('',(-1.27,1.016,0.));
#171 = DIRECTION('',(1.,0.,0.));
#172 = DIRECTION('',(0.,-1.,0.));
#173 = ADVANCED_FACE('',(#174,#217),#251,.F.);
#174 = FACE_BOUND('',#175,.F.);
#175 = EDGE_LOOP('',(#176,#177,#178,#186,#194,#202,#210,#216));
#176 = ORIENTED_EDGE('',*,*,#101,.T.);
#177 = ORIENTED_EDGE('',*,*,#163,.T.);
#178 = ORIENTED_EDGE('',*,*,#179,.T.);
#179 = EDGE_CURVE('',#156,#180,#182,.T.);
#180 = VERTEX_POINT('',#181);
#181 = CARTESIAN_POINT('',(-1.016,-1.27,0.));
#182 = LINE('',#183,#184);
#183 = CARTESIAN_POINT('',(-1.27,-1.016,0.));
#184 = VECTOR('',#185,1.);
#185 = DIRECTION('',(0.707106781187,-0.707106781187,0.));
#186 = ORIENTED_EDGE('',*,*,#187,.T.);
#187 = EDGE_CURVE('',#180,#188,#190,.T.);
#188 = VERTEX_POINT('',#189);
#189 = CARTESIAN_POINT('',(1.016,-1.27,0.));
#190 = LINE('',#191,#192);
#191 = CARTESIAN_POINT('',(-1.016,-1.27,0.));
#192 = VECTOR('',#193,1.);
#193 = DIRECTION('',(1.,0.,0.));
#194 = ORIENTED_EDGE('',*,*,#195,.T.);
#195 = EDGE_CURVE('',#188,#196,#198,.T.);
#196 = VERTEX_POINT('',#197);
#197 = CARTESIAN_POINT('',(1.27,-1.016,0.));
#198 = LINE('',#199,#200);
#199 = CARTESIAN_POINT('',(1.016,-1.27,0.));
#200 = VECTOR('',#201,1.);
#201 = DIRECTION('',(0.707106781187,0.707106781187,0.));
#202 = ORIENTED_EDGE('',*,*,#203,.T.);
#203 = EDGE_CURVE('',#196,#204,#206,.T.);
#204 = VERTEX_POINT('',#205);
#205 = CARTESIAN_POINT('',(1.27,1.016,0.));
#206 = LINE('',#207,#208);
#207 = CARTESIAN_POINT('',(1.27,-1.016,0.));
#208 = VECTOR('',#209,1.);
#209 = DIRECTION('',(0.,1.,0.));
#210 = ORIENTED_EDGE('',*,*,#211,.T.);
#211 = EDGE_CURVE('',#204,#116,#212,.T.);
#212 = LINE('',#213,#214);
#213 = CARTESIAN_POINT('',(1.27,1.016,0.));
#214 = VECTOR('',#215,1.);
#215 = DIRECTION('',(-0.707106781187,0.707106781187,0.));
#216 = ORIENTED_EDGE('',*,*,#132,.T.);
#217 = FACE_BOUND('',#218,.F.);
#218 = EDGE_LOOP('',(#219,#229,#237,#245));
#219 = ORIENTED_EDGE('',*,*,#220,.T.);
#220 = EDGE_CURVE('',#221,#223,#225,.T.);
#221 = VERTEX_POINT('',#222);
#222 = CARTESIAN_POINT('',(0.32,-0.32,0.));
#223 = VERTEX_POINT('',#224);
#224 = CARTESIAN_POINT('',(-0.32,-0.32,0.));
#225 = LINE('',#226,#227);
#226 = CARTESIAN_POINT('',(-0.16,-0.32,0.));
#227 = VECTOR('',#228,1.);
#228 = DIRECTION('',(-1.,0.,0.));
#229 = ORIENTED_EDGE('',*,*,#230,.T.);
#230 = EDGE_CURVE('',#223,#231,#233,.T.);
#231 = VERTEX_POINT('',#232);
#232 = CARTESIAN_POINT('',(-0.32,0.32,0.));
#233 = LINE('',#234,#235);
#234 = CARTESIAN_POINT('',(-0.32,-0.16,0.));
#235 = VECTOR('',#236,1.);
#236 = DIRECTION('',(0.,1.,0.));
#237 = ORIENTED_EDGE('',*,*,#238,.F.);
#238 = EDGE_CURVE('',#239,#231,#241,.T.);
#239 = VERTEX_POINT('',#240);
#240 = CARTESIAN_POINT('',(0.32,0.32,0.));
#241 = LINE('',#242,#243);
#242 = CARTESIAN_POINT('',(-0.16,0.32,0.));
#243 = VECTOR('',#244,1.);
#244 = DIRECTION('',(-1.,0.,0.));
#245 = ORIENTED_EDGE('',*,*,#246,.F.);
#246 = EDGE_CURVE('',#221,#239,#247,.T.);
#247 = LINE('',#248,#249);
#248 = CARTESIAN_POINT('',(0.32,-0.16,0.));
#249 = VECTOR('',#250,1.);
#250 = DIRECTION('',(0.,1.,0.));
#251 = PLANE('',#252);
#252 = AXIS2_PLACEMENT_3D('',#253,#254,#255);
#253 = CARTESIAN_POINT('',(2.321466769849E-17,4.642933539699E-17,0.));
#254 = DIRECTION('',(0.,0.,1.));
#255 = DIRECTION('',(1.,0.,-0.));
#256 = ADVANCED_FACE('',(#257,#300),#334,.T.);
#257 = FACE_BOUND('',#258,.T.);
#258 = EDGE_LOOP('',(#259,#260,#261,#269,#277,#285,#293,#299));
#259 = ORIENTED_EDGE('',*,*,#85,.T.);
#260 = ORIENTED_EDGE('',*,*,#147,.T.);
#261 = ORIENTED_EDGE('',*,*,#262,.T.);
#262 = EDGE_CURVE('',#148,#263,#265,.T.);
#263 = VERTEX_POINT('',#264);
#264 = CARTESIAN_POINT('',(-1.016,-1.27,2.54));
#265 = LINE('',#266,#267);
#266 = CARTESIAN_POINT('',(-1.27,-1.016,2.54));
#267 = VECTOR('',#268,1.);
#268 = DIRECTION('',(0.707106781187,-0.707106781187,0.));
#269 = ORIENTED_EDGE('',*,*,#270,.T.);
#270 = EDGE_CURVE('',#263,#271,#273,.T.);
#271 = VERTEX_POINT('',#272);
#272 = CARTESIAN_POINT('',(1.016,-1.27,2.54));
#273 = LINE('',#274,#275);
#274 = CARTESIAN_POINT('',(-1.016,-1.27,2.54));
#275 = VECTOR('',#276,1.);
#276 = DIRECTION('',(1.,0.,0.));
#277 = ORIENTED_EDGE('',*,*,#278,.T.);
#278 = EDGE_CURVE('',#271,#279,#281,.T.);
#279 = VERTEX_POINT('',#280);
#280 = CARTESIAN_POINT('',(1.27,-1.016,2.54));
#281 = LINE('',#282,#283);
#282 = CARTESIAN_POINT('',(1.016,-1.27,2.54));
#283 = VECTOR('',#284,1.);
#284 = DIRECTION('',(0.707106781187,0.707106781187,0.));
#285 = ORIENTED_EDGE('',*,*,#286,.T.);
#286 = EDGE_CURVE('',#279,#287,#289,.T.);
#287 = VERTEX_POINT('',#288);
#288 = CARTESIAN_POINT('',(1.27,1.016,2.54));
#289 = LINE('',#290,#291);
#290 = CARTESIAN_POINT('',(1.27,-1.016,2.54));
#291 = VECTOR('',#292,1.);
#292 = DIRECTION('',(0.,1.,0.));
#293 = ORIENTED_EDGE('',*,*,#294,.T.);
#294 = EDGE_CURVE('',#287,#118,#295,.T.);
#295 = LINE('',#296,#297);
#296 = CARTESIAN_POINT('',(1.27,1.016,2.54));
#297 = VECTOR('',#298,1.);
#298 = DIRECTION('',(-0.707106781187,0.707106781187,0.));
#299 = ORIENTED_EDGE('',*,*,#125,.T.);
#300 = FACE_BOUND('',#301,.T.);
#301 = EDGE_LOOP('',(#302,#312,#320,#328));
#302 = ORIENTED_EDGE('',*,*,#303,.T.);
#303 = EDGE_CURVE('',#304,#306,#308,.T.);
#304 = VERTEX_POINT('',#305);
#305 = CARTESIAN_POINT('',(0.32,-0.32,2.54));
#306 = VERTEX_POINT('',#307);
#307 = CARTESIAN_POINT('',(-0.32,-0.32,2.54));
#308 = LINE('',#309,#310);
#309 = CARTESIAN_POINT('',(-0.16,-0.32,2.54));
#310 = VECTOR('',#311,1.);
#311 = DIRECTION('',(-1.,0.,0.));
#312 = ORIENTED_EDGE('',*,*,#313,.T.);
#313 = EDGE_CURVE('',#306,#314,#316,.T.);
#314 = VERTEX_POINT('',#315);
#315 = CARTESIAN_POINT('',(-0.32,0.32,2.54));
#316 = LINE('',#317,#318);
#317 = CARTESIAN_POINT('',(-0.32,-0.16,2.54));
#318 = VECTOR('',#319,1.);
#319 = DIRECTION('',(0.,1.,0.));
#320 = ORIENTED_EDGE('',*,*,#321,.F.);
#321 = EDGE_CURVE('',#322,#314,#324,.T.);
#322 = VERTEX_POINT('',#323);
#323 = CARTESIAN_POINT('',(0.32,0.32,2.54));
#324 = LINE('',#325,#326);
#325 = CARTESIAN_POINT('',(-0.16,0.32,2.54));
#326 = VECTOR('',#327,1.);
#327 = DIRECTION('',(-1.,0.,0.));
#328 = ORIENTED_EDGE('',*,*,#329,.F.);
#329 = EDGE_CURVE('',#304,#322,#330,.T.);
#330 = LINE('',#331,#332);
#331 = CARTESIAN_POINT('',(0.32,-0.16,2.54));
#332 = VECTOR('',#333,1.);
#333 = DIRECTION('',(0.,1.,0.));
#334 = PLANE('',#335);
#335 = AXIS2_PLACEMENT_3D('',#336,#337,#338);
#336 = CARTESIAN_POINT('',(2.321466769849E-17,4.642933539699E-17,2.54));
#337 = DIRECTION('',(0.,0.,1.));
#338 = DIRECTION('',(1.,0.,-0.));
#339 = ADVANCED_FACE('',(#340),#351,.F.);
#340 = FACE_BOUND('',#341,.F.);
#341 = EDGE_LOOP('',(#342,#348,#349,#350));
#342 = ORIENTED_EDGE('',*,*,#343,.T.);
#343 = EDGE_CURVE('',#204,#287,#344,.T.);
#344 = LINE('',#345,#346);
#345 = CARTESIAN_POINT('',(1.27,1.016,0.));
#346 = VECTOR('',#347,1.);
#347 = DIRECTION('',(0.,0.,1.));
#348 = ORIENTED_EDGE('',*,*,#294,.T.);
#349 = ORIENTED_EDGE('',*,*,#115,.F.);
#350 = ORIENTED_EDGE('',*,*,#211,.F.);
#351 = PLANE('',#352);
#352 = AXIS2_PLACEMENT_3D('',#353,#354,#355);
#353 = CARTESIAN_POINT('',(1.27,1.016,0.));
#354 = DIRECTION('',(-0.707106781187,-0.707106781187,0.));
#355 = DIRECTION('',(-0.707106781187,0.707106781187,0.));
#356 = ADVANCED_FACE('',(#357),#368,.F.);
#357 = FACE_BOUND('',#358,.F.);
#358 = EDGE_LOOP('',(#359,#360,#361,#367));
#359 = ORIENTED_EDGE('',*,*,#155,.T.);
#360 = ORIENTED_EDGE('',*,*,#262,.T.);
#361 = ORIENTED_EDGE('',*,*,#362,.F.);
#362 = EDGE_CURVE('',#180,#263,#363,.T.);
#363 = LINE('',#364,#365);
#364 = CARTESIAN_POINT('',(-1.016,-1.27,0.));
#365 = VECTOR('',#366,1.);
#366 = DIRECTION('',(0.,0.,1.));
#367 = ORIENTED_EDGE('',*,*,#179,.F.);
#368 = PLANE('',#369);
#369 = AXIS2_PLACEMENT_3D('',#370,#371,#372);
#370 = CARTESIAN_POINT('',(-1.27,-1.016,0.));
#371 = DIRECTION('',(0.707106781187,0.707106781187,0.));
#372 = DIRECTION('',(0.707106781187,-0.707106781187,0.));
#373 = ADVANCED_FACE('',(#374),#385,.F.);
#374 = FACE_BOUND('',#375,.F.);
#375 = EDGE_LOOP('',(#376,#382,#383,#384));
#376 = ORIENTED_EDGE('',*,*,#377,.T.);
#377 = EDGE_CURVE('',#196,#279,#378,.T.);
#378 = LINE('',#379,#380);
#379 = CARTESIAN_POINT('',(1.27,-1.016,0.));
#380 = VECTOR('',#381,1.);
#381 = DIRECTION('',(0.,0.,1.));
#382 = ORIENTED_EDGE('',*,*,#286,.T.);
#383 = ORIENTED_EDGE('',*,*,#343,.F.);
#384 = ORIENTED_EDGE('',*,*,#203,.F.);
#385 = PLANE('',#386);
#386 = AXIS2_PLACEMENT_3D('',#387,#388,#389);
#387 = CARTESIAN_POINT('',(1.27,-1.016,0.));
#388 = DIRECTION('',(-1.,0.,0.));
#389 = DIRECTION('',(0.,1.,0.));
#390 = ADVANCED_FACE('',(#391),#402,.F.);
#391 = FACE_BOUND('',#392,.F.);
#392 = EDGE_LOOP('',(#393,#394,#395,#401));
#393 = ORIENTED_EDGE('',*,*,#362,.T.);
#394 = ORIENTED_EDGE('',*,*,#270,.T.);
#395 = ORIENTED_EDGE('',*,*,#396,.F.);
#396 = EDGE_CURVE('',#188,#271,#397,.T.);
#397 = LINE('',#398,#399);
#398 = CARTESIAN_POINT('',(1.016,-1.27,0.));
#399 = VECTOR('',#400,1.);
#400 = DIRECTION('',(0.,0.,1.));
#401 = ORIENTED_EDGE('',*,*,#187,.F.);
#402 = PLANE('',#403);
#403 = AXIS2_PLACEMENT_3D('',#404,#405,#406);
#404 = CARTESIAN_POINT('',(-1.016,-1.27,0.));
#405 = DIRECTION('',(0.,1.,0.));
#406 = DIRECTION('',(1.,0.,0.));
#407 = ADVANCED_FACE('',(#408),#414,.F.);
#408 = FACE_BOUND('',#409,.F.);
#409 = EDGE_LOOP('',(#410,#411,#412,#413));
#410 = ORIENTED_EDGE('',*,*,#396,.T.);
#411 = ORIENTED_EDGE('',*,*,#278,.T.);
#412 = ORIENTED_EDGE('',*,*,#377,.F.);
#413 = ORIENTED_EDGE('',*,*,#195,.F.);
#414 = PLANE('',#415);
#415 = AXIS2_PLACEMENT_3D('',#416,#417,#418);
#416 = CARTESIAN_POINT('',(1.016,-1.27,0.));
#417 = DIRECTION('',(-0.707106781187,0.707106781187,0.));
#418 = DIRECTION('',(0.707106781187,0.707106781187,0.));
#419 = ADVANCED_FACE('',(#420),#445,.F.);
#420 = FACE_BOUND('',#421,.F.);
#421 = EDGE_LOOP('',(#422,#430,#438,#444));
#422 = ORIENTED_EDGE('',*,*,#423,.F.);
#423 = EDGE_CURVE('',#424,#221,#426,.T.);
#424 = VERTEX_POINT('',#425);
#425 = CARTESIAN_POINT('',(0.32,-0.32,-2.84));
#426 = LINE('',#427,#428);
#427 = CARTESIAN_POINT('',(0.32,-0.32,-3.));
#428 = VECTOR('',#429,1.);
#429 = DIRECTION('',(0.,0.,1.));
#430 = ORIENTED_EDGE('',*,*,#431,.F.);
#431 = EDGE_CURVE('',#432,#424,#434,.T.);
#432 = VERTEX_POINT('',#433);
#433 = CARTESIAN_POINT('',(-0.32,-0.32,-2.84));
#434 = LINE('',#435,#436);
#435 = CARTESIAN_POINT('',(-0.32,-0.32,-2.84));
#436 = VECTOR('',#437,1.);
#437 = DIRECTION('',(1.,0.,0.));
#438 = ORIENTED_EDGE('',*,*,#439,.T.);
#439 = EDGE_CURVE('',#432,#223,#440,.T.);
#440 = LINE('',#441,#442);
#441 = CARTESIAN_POINT('',(-0.32,-0.32,-3.));
#442 = VECTOR('',#443,1.);
#443 = DIRECTION('',(0.,0.,1.));
#444 = ORIENTED_EDGE('',*,*,#220,.F.);
#445 = PLANE('',#446);
#446 = AXIS2_PLACEMENT_3D('',#447,#448,#449);
#447 = CARTESIAN_POINT('',(-0.32,-0.32,-3.));
#448 = DIRECTION('',(0.,1.,0.));
#449 = DIRECTION('',(0.,-0.,1.));
#450 = ADVANCED_FACE('',(#451),#469,.T.);
#451 = FACE_BOUND('',#452,.T.);
#452 = EDGE_LOOP('',(#453,#454,#462,#468));
#453 = ORIENTED_EDGE('',*,*,#423,.F.);
#454 = ORIENTED_EDGE('',*,*,#455,.T.);
#455 = EDGE_CURVE('',#424,#456,#458,.T.);
#456 = VERTEX_POINT('',#457);
#457 = CARTESIAN_POINT('',(0.32,0.32,-2.84));
#458 = LINE('',#459,#460);
#459 = CARTESIAN_POINT('',(0.32,-0.32,-2.84));
#460 = VECTOR('',#461,1.);
#461 = DIRECTION('',(0.,1.,0.));
#462 = ORIENTED_EDGE('',*,*,#463,.T.);
#463 = EDGE_CURVE('',#456,#239,#464,.T.);
#464 = LINE('',#465,#466);
#465 = CARTESIAN_POINT('',(0.32,0.32,-3.));
#466 = VECTOR('',#467,1.);
#467 = DIRECTION('',(0.,0.,1.));
#468 = ORIENTED_EDGE('',*,*,#246,.F.);
#469 = PLANE('',#470);
#470 = AXIS2_PLACEMENT_3D('',#471,#472,#473);
#471 = CARTESIAN_POINT('',(0.32,-0.32,-3.));
#472 = DIRECTION('',(1.,0.,0.));
#473 = DIRECTION('',(0.,0.,1.));
#474 = ADVANCED_FACE('',(#475),#493,.T.);
#475 = FACE_BOUND('',#476,.T.);
#476 = EDGE_LOOP('',(#477,#478,#486,#492));
#477 = ORIENTED_EDGE('',*,*,#463,.F.);
#478 = ORIENTED_EDGE('',*,*,#479,.F.);
#479 = EDGE_CURVE('',#480,#456,#482,.T.);
#480 = VERTEX_POINT('',#481);
#481 = CARTESIAN_POINT('',(-0.32,0.32,-2.84));
#482 = LINE('',#483,#484);
#483 = CARTESIAN_POINT('',(-0.32,0.32,-2.84));
#484 = VECTOR('',#485,1.);
#485 = DIRECTION('',(1.,0.,0.));
#486 = ORIENTED_EDGE('',*,*,#487,.T.);
#487 = EDGE_CURVE('',#480,#231,#488,.T.);
#488 = LINE('',#489,#490);
#489 = CARTESIAN_POINT('',(-0.32,0.32,-3.));
#490 = VECTOR('',#491,1.);
#491 = DIRECTION('',(0.,0.,1.));
#492 = ORIENTED_EDGE('',*,*,#238,.F.);
#493 = PLANE('',#494);
#494 = AXIS2_PLACEMENT_3D('',#495,#496,#497);
#495 = CARTESIAN_POINT('',(-0.32,0.32,-3.));
#496 = DIRECTION('',(0.,1.,0.));
#497 = DIRECTION('',(0.,-0.,1.));
#498 = ADVANCED_FACE('',(#499),#510,.F.);
#499 = FACE_BOUND('',#500,.F.);
#500 = EDGE_LOOP('',(#501,#502,#508,#509));
#501 = ORIENTED_EDGE('',*,*,#439,.F.);
#502 = ORIENTED_EDGE('',*,*,#503,.T.);
#503 = EDGE_CURVE('',#432,#480,#504,.T.);
#504 = LINE('',#505,#506);
#505 = CARTESIAN_POINT('',(-0.32,-0.32,-2.84));
#506 = VECTOR('',#507,1.);
#507 = DIRECTION('',(0.,1.,0.));
#508 = ORIENTED_EDGE('',*,*,#487,.T.);
#509 = ORIENTED_EDGE('',*,*,#230,.F.);
#510 = PLANE('',#511);
#511 = AXIS2_PLACEMENT_3D('',#512,#513,#514);
#512 = CARTESIAN_POINT('',(-0.32,-0.32,-3.));
#513 = DIRECTION('',(1.,0.,0.));
#514 = DIRECTION('',(0.,0.,1.));
#515 = ADVANCED_FACE('',(#516),#541,.F.);
#516 = FACE_BOUND('',#517,.F.);
#517 = EDGE_LOOP('',(#518,#526,#527,#535));
#518 = ORIENTED_EDGE('',*,*,#519,.F.);
#519 = EDGE_CURVE('',#304,#520,#522,.T.);
#520 = VERTEX_POINT('',#521);
#521 = CARTESIAN_POINT('',(0.32,-0.32,8.38));
#522 = LINE('',#523,#524);
#523 = CARTESIAN_POINT('',(0.32,-0.32,-3.));
#524 = VECTOR('',#525,1.);
#525 = DIRECTION('',(0.,0.,1.));
#526 = ORIENTED_EDGE('',*,*,#303,.T.);
#527 = ORIENTED_EDGE('',*,*,#528,.T.);
#528 = EDGE_CURVE('',#306,#529,#531,.T.);
#529 = VERTEX_POINT('',#530);
#530 = CARTESIAN_POINT('',(-0.32,-0.32,8.38));
#531 = LINE('',#532,#533);
#532 = CARTESIAN_POINT('',(-0.32,-0.32,-3.));
#533 = VECTOR('',#534,1.);
#534 = DIRECTION('',(0.,0.,1.));
#535 = ORIENTED_EDGE('',*,*,#536,.T.);
#536 = EDGE_CURVE('',#529,#520,#537,.T.);
#537 = LINE('',#538,#539);
#538 = CARTESIAN_POINT('',(-0.32,-0.32,8.38));
#539 = VECTOR('',#540,1.);
#540 = DIRECTION('',(1.,0.,0.));
#541 = PLANE('',#542);
#542 = AXIS2_PLACEMENT_3D('',#543,#544,#545);
#543 = CARTESIAN_POINT('',(-0.32,-0.32,-3.));
#544 = DIRECTION('',(0.,1.,0.));
#545 = DIRECTION('',(0.,-0.,1.));
#546 = ADVANCED_FACE('',(#547),#565,.T.);
#547 = FACE_BOUND('',#548,.T.);
#548 = EDGE_LOOP('',(#549,#550,#551,#559));
#549 = ORIENTED_EDGE('',*,*,#519,.F.);
#550 = ORIENTED_EDGE('',*,*,#329,.T.);
#551 = ORIENTED_EDGE('',*,*,#552,.T.);
#552 = EDGE_CURVE('',#322,#553,#555,.T.);
#553 = VERTEX_POINT('',#554);
#554 = CARTESIAN_POINT('',(0.32,0.32,8.38));
#555 = LINE('',#556,#557);
#556 = CARTESIAN_POINT('',(0.32,0.32,-3.));
#557 = VECTOR('',#558,1.);
#558 = DIRECTION('',(0.,0.,1.));
#559 = ORIENTED_EDGE('',*,*,#560,.F.);
#560 = EDGE_CURVE('',#520,#553,#561,.T.);
#561 = LINE('',#562,#563);
#562 = CARTESIAN_POINT('',(0.32,-0.32,8.38));
#563 = VECTOR('',#564,1.);
#564 = DIRECTION('',(0.,1.,0.));
#565 = PLANE('',#566);
#566 = AXIS2_PLACEMENT_3D('',#567,#568,#569);
#567 = CARTESIAN_POINT('',(0.32,-0.32,-3.));
#568 = DIRECTION('',(1.,0.,0.));
#569 = DIRECTION('',(0.,0.,1.));
#570 = ADVANCED_FACE('',(#571),#589,.T.);
#571 = FACE_BOUND('',#572,.T.);
#572 = EDGE_LOOP('',(#573,#574,#575,#583));
#573 = ORIENTED_EDGE('',*,*,#552,.F.);
#574 = ORIENTED_EDGE('',*,*,#321,.T.);
#575 = ORIENTED_EDGE('',*,*,#576,.T.);
#576 = EDGE_CURVE('',#314,#577,#579,.T.);
#577 = VERTEX_POINT('',#578);
#578 = CARTESIAN_POINT('',(-0.32,0.32,8.38));
#579 = LINE('',#580,#581);
#580 = CARTESIAN_POINT('',(-0.32,0.32,-3.));
#581 = VECTOR('',#582,1.);
#582 = DIRECTION('',(0.,0.,1.));
#583 = ORIENTED_EDGE('',*,*,#584,.T.);
#584 = EDGE_CURVE('',#577,#553,#585,.T.);
#585 = LINE('',#586,#587);
#586 = CARTESIAN_POINT('',(-0.32,0.32,8.38));
#587 = VECTOR('',#588,1.);
#588 = DIRECTION('',(1.,0.,0.));
#589 = PLANE('',#590);
#590 = AXIS2_PLACEMENT_3D('',#591,#592,#593);
#591 = CARTESIAN_POINT('',(-0.32,0.32,-3.));
#592 = DIRECTION('',(0.,1.,0.));
#593 = DIRECTION('',(0.,-0.,1.));
#594 = ADVANCED_FACE('',(#595),#606,.F.);
#595 = FACE_BOUND('',#596,.F.);
#596 = EDGE_LOOP('',(#597,#598,#599,#600));
#597 = ORIENTED_EDGE('',*,*,#528,.F.);
#598 = ORIENTED_EDGE('',*,*,#313,.T.);
#599 = ORIENTED_EDGE('',*,*,#576,.T.);
#600 = ORIENTED_EDGE('',*,*,#601,.F.);
#601 = EDGE_CURVE('',#529,#577,#602,.T.);
#602 = LINE('',#603,#604);
#603 = CARTESIAN_POINT('',(-0.32,-0.32,8.38));
#604 = VECTOR('',#605,1.);
#605 = DIRECTION('',(0.,1.,0.));
#606 = PLANE('',#607);
#607 = AXIS2_PLACEMENT_3D('',#608,#609,#610);
#608 = CARTESIAN_POINT('',(-0.32,-0.32,-3.));
#609 = DIRECTION('',(1.,0.,0.));
#610 = DIRECTION('',(0.,0.,1.));
#611 = ADVANCED_FACE('',(#612),#637,.T.);
#612 = FACE_BOUND('',#613,.F.);
#613 = EDGE_LOOP('',(#614,#622,#623,#631));
#614 = ORIENTED_EDGE('',*,*,#615,.F.);
#615 = EDGE_CURVE('',#432,#616,#618,.T.);
#616 = VERTEX_POINT('',#617);
#617 = CARTESIAN_POINT('',(-0.16,-0.16,-3.));
#618 = LINE('',#619,#620);
#619 = CARTESIAN_POINT('',(-0.266666666667,-0.266666666667,
    -2.893333333333));
#620 = VECTOR('',#621,1.);
#621 = DIRECTION('',(0.57735026919,0.57735026919,-0.57735026919));
#622 = ORIENTED_EDGE('',*,*,#431,.T.);
#623 = ORIENTED_EDGE('',*,*,#624,.T.);
#624 = EDGE_CURVE('',#424,#625,#627,.T.);
#625 = VERTEX_POINT('',#626);
#626 = CARTESIAN_POINT('',(0.16,-0.16,-3.));
#627 = LINE('',#628,#629);
#628 = CARTESIAN_POINT('',(0.16,-0.16,-3.));
#629 = VECTOR('',#630,1.);
#630 = DIRECTION('',(-0.57735026919,0.57735026919,-0.57735026919));
#631 = ORIENTED_EDGE('',*,*,#632,.F.);
#632 = EDGE_CURVE('',#616,#625,#633,.T.);
#633 = LINE('',#634,#635);
#634 = CARTESIAN_POINT('',(-0.32,-0.16,-3.));
#635 = VECTOR('',#636,1.);
#636 = DIRECTION('',(1.,0.,0.));
#637 = PLANE('',#638);
#638 = AXIS2_PLACEMENT_3D('',#639,#640,#641);
#639 = CARTESIAN_POINT('',(-0.32,-0.24,-2.92));
#640 = DIRECTION('',(1.735167508357E-18,-0.707106781187,-0.707106781187)
  );
#641 = DIRECTION('',(-1.,-1.226948711654E-18,-1.226948711654E-18));
#642 = ADVANCED_FACE('',(#643),#661,.F.);
#643 = FACE_BOUND('',#644,.F.);
#644 = EDGE_LOOP('',(#645,#646,#647,#655));
#645 = ORIENTED_EDGE('',*,*,#624,.F.);
#646 = ORIENTED_EDGE('',*,*,#455,.T.);
#647 = ORIENTED_EDGE('',*,*,#648,.T.);
#648 = EDGE_CURVE('',#456,#649,#651,.T.);
#649 = VERTEX_POINT('',#650);
#650 = CARTESIAN_POINT('',(0.16,0.16,-3.));
#651 = LINE('',#652,#653);
#652 = CARTESIAN_POINT('',(5.333333333333E-02,5.333333333333E-02,
    -3.106666666667));
#653 = VECTOR('',#654,1.);
#654 = DIRECTION('',(-0.57735026919,-0.57735026919,-0.57735026919));
#655 = ORIENTED_EDGE('',*,*,#656,.F.);
#656 = EDGE_CURVE('',#625,#649,#657,.T.);
#657 = LINE('',#658,#659);
#658 = CARTESIAN_POINT('',(0.16,-0.32,-3.));
#659 = VECTOR('',#660,1.);
#660 = DIRECTION('',(0.,1.,0.));
#661 = PLANE('',#662);
#662 = AXIS2_PLACEMENT_3D('',#663,#664,#665);
#663 = CARTESIAN_POINT('',(0.24,-0.32,-2.92));
#664 = DIRECTION('',(-0.707106781187,1.735167508357E-18,0.707106781187)
  );
#665 = DIRECTION('',(1.226948711654E-18,1.,-1.226948711654E-18));
#666 = ADVANCED_FACE('',(#667),#685,.F.);
#667 = FACE_BOUND('',#668,.T.);
#668 = EDGE_LOOP('',(#669,#677,#678,#679));
#669 = ORIENTED_EDGE('',*,*,#670,.F.);
#670 = EDGE_CURVE('',#480,#671,#673,.T.);
#671 = VERTEX_POINT('',#672);
#672 = CARTESIAN_POINT('',(-0.16,0.16,-3.));
#673 = LINE('',#674,#675);
#674 = CARTESIAN_POINT('',(-0.16,0.16,-3.));
#675 = VECTOR('',#676,1.);
#676 = DIRECTION('',(0.57735026919,-0.57735026919,-0.57735026919));
#677 = ORIENTED_EDGE('',*,*,#479,.T.);
#678 = ORIENTED_EDGE('',*,*,#648,.T.);
#679 = ORIENTED_EDGE('',*,*,#680,.F.);
#680 = EDGE_CURVE('',#671,#649,#681,.T.);
#681 = LINE('',#682,#683);
#682 = CARTESIAN_POINT('',(-0.32,0.16,-3.));
#683 = VECTOR('',#684,1.);
#684 = DIRECTION('',(1.,0.,0.));
#685 = PLANE('',#686);
#686 = AXIS2_PLACEMENT_3D('',#687,#688,#689);
#687 = CARTESIAN_POINT('',(-0.32,0.24,-2.92));
#688 = DIRECTION('',(-1.735167508357E-18,-0.707106781187,0.707106781187)
  );
#689 = DIRECTION('',(-1.,1.226948711654E-18,-1.226948711654E-18));
#690 = ADVANCED_FACE('',(#691),#702,.T.);
#691 = FACE_BOUND('',#692,.T.);
#692 = EDGE_LOOP('',(#693,#694,#695,#696));
#693 = ORIENTED_EDGE('',*,*,#615,.F.);
#694 = ORIENTED_EDGE('',*,*,#503,.T.);
#695 = ORIENTED_EDGE('',*,*,#670,.T.);
#696 = ORIENTED_EDGE('',*,*,#697,.F.);
#697 = EDGE_CURVE('',#616,#671,#698,.T.);
#698 = LINE('',#699,#700);
#699 = CARTESIAN_POINT('',(-0.16,-0.32,-3.));
#700 = VECTOR('',#701,1.);
#701 = DIRECTION('',(0.,1.,0.));
#702 = PLANE('',#703);
#703 = AXIS2_PLACEMENT_3D('',#704,#705,#706);
#704 = CARTESIAN_POINT('',(-0.24,-0.32,-2.92));
#705 = DIRECTION('',(-0.707106781187,-1.735167508357E-18,-0.707106781187
    ));
#706 = DIRECTION('',(-1.226948711654E-18,1.,-1.226948711654E-18));
#707 = ADVANCED_FACE('',(#708),#733,.F.);
#708 = FACE_BOUND('',#709,.T.);
#709 = EDGE_LOOP('',(#710,#718,#719,#727));
#710 = ORIENTED_EDGE('',*,*,#711,.F.);
#711 = EDGE_CURVE('',#529,#712,#714,.T.);
#712 = VERTEX_POINT('',#713);
#713 = CARTESIAN_POINT('',(-0.16,-0.16,8.54));
#714 = LINE('',#715,#716);
#715 = CARTESIAN_POINT('',(-0.266666666667,-0.266666666667,
    8.433333333333));
#716 = VECTOR('',#717,1.);
#717 = DIRECTION('',(0.57735026919,0.57735026919,0.57735026919));
#718 = ORIENTED_EDGE('',*,*,#536,.T.);
#719 = ORIENTED_EDGE('',*,*,#720,.T.);
#720 = EDGE_CURVE('',#520,#721,#723,.T.);
#721 = VERTEX_POINT('',#722);
#722 = CARTESIAN_POINT('',(0.16,-0.16,8.54));
#723 = LINE('',#724,#725);
#724 = CARTESIAN_POINT('',(0.16,-0.16,8.54));
#725 = VECTOR('',#726,1.);
#726 = DIRECTION('',(-0.57735026919,0.57735026919,0.57735026919));
#727 = ORIENTED_EDGE('',*,*,#728,.F.);
#728 = EDGE_CURVE('',#712,#721,#729,.T.);
#729 = LINE('',#730,#731);
#730 = CARTESIAN_POINT('',(-0.32,-0.16,8.54));
#731 = VECTOR('',#732,1.);
#732 = DIRECTION('',(1.,0.,0.));
#733 = PLANE('',#734);
#734 = AXIS2_PLACEMENT_3D('',#735,#736,#737);
#735 = CARTESIAN_POINT('',(-0.32,-0.24,8.46));
#736 = DIRECTION('',(-1.735167508357E-18,0.707106781187,-0.707106781187)
  );
#737 = DIRECTION('',(-1.,-1.226948711654E-18,1.226948711654E-18));
#738 = ADVANCED_FACE('',(#739),#757,.T.);
#739 = FACE_BOUND('',#740,.T.);
#740 = EDGE_LOOP('',(#741,#742,#743,#751));
#741 = ORIENTED_EDGE('',*,*,#720,.F.);
#742 = ORIENTED_EDGE('',*,*,#560,.T.);
#743 = ORIENTED_EDGE('',*,*,#744,.T.);
#744 = EDGE_CURVE('',#553,#745,#747,.T.);
#745 = VERTEX_POINT('',#746);
#746 = CARTESIAN_POINT('',(0.16,0.16,8.54));
#747 = LINE('',#748,#749);
#748 = CARTESIAN_POINT('',(5.333333333333E-02,5.333333333333E-02,
    8.646666666667));
#749 = VECTOR('',#750,1.);
#750 = DIRECTION('',(-0.57735026919,-0.57735026919,0.57735026919));
#751 = ORIENTED_EDGE('',*,*,#752,.F.);
#752 = EDGE_CURVE('',#721,#745,#753,.T.);
#753 = LINE('',#754,#755);
#754 = CARTESIAN_POINT('',(0.16,-0.32,8.54));
#755 = VECTOR('',#756,1.);
#756 = DIRECTION('',(0.,1.,0.));
#757 = PLANE('',#758);
#758 = AXIS2_PLACEMENT_3D('',#759,#760,#761);
#759 = CARTESIAN_POINT('',(0.24,-0.32,8.46));
#760 = DIRECTION('',(0.707106781187,-1.735167508357E-18,0.707106781187)
  );
#761 = DIRECTION('',(1.226948711654E-18,1.,1.226948711654E-18));
#762 = ADVANCED_FACE('',(#763),#781,.T.);
#763 = FACE_BOUND('',#764,.F.);
#764 = EDGE_LOOP('',(#765,#773,#774,#775));
#765 = ORIENTED_EDGE('',*,*,#766,.F.);
#766 = EDGE_CURVE('',#577,#767,#769,.T.);
#767 = VERTEX_POINT('',#768);
#768 = CARTESIAN_POINT('',(-0.16,0.16,8.54));
#769 = LINE('',#770,#771);
#770 = CARTESIAN_POINT('',(-0.16,0.16,8.54));
#771 = VECTOR('',#772,1.);
#772 = DIRECTION('',(0.57735026919,-0.57735026919,0.57735026919));
#773 = ORIENTED_EDGE('',*,*,#584,.T.);
#774 = ORIENTED_EDGE('',*,*,#744,.T.);
#775 = ORIENTED_EDGE('',*,*,#776,.F.);
#776 = EDGE_CURVE('',#767,#745,#777,.T.);
#777 = LINE('',#778,#779);
#778 = CARTESIAN_POINT('',(-0.32,0.16,8.54));
#779 = VECTOR('',#780,1.);
#780 = DIRECTION('',(1.,0.,0.));
#781 = PLANE('',#782);
#782 = AXIS2_PLACEMENT_3D('',#783,#784,#785);
#783 = CARTESIAN_POINT('',(-0.32,0.24,8.46));
#784 = DIRECTION('',(1.735167508357E-18,0.707106781187,0.707106781187));
#785 = DIRECTION('',(-1.,1.226948711654E-18,1.226948711654E-18));
#786 = ADVANCED_FACE('',(#787),#798,.F.);
#787 = FACE_BOUND('',#788,.F.);
#788 = EDGE_LOOP('',(#789,#790,#791,#792));
#789 = ORIENTED_EDGE('',*,*,#711,.F.);
#790 = ORIENTED_EDGE('',*,*,#601,.T.);
#791 = ORIENTED_EDGE('',*,*,#766,.T.);
#792 = ORIENTED_EDGE('',*,*,#793,.F.);
#793 = EDGE_CURVE('',#712,#767,#794,.T.);
#794 = LINE('',#795,#796);
#795 = CARTESIAN_POINT('',(-0.16,-0.32,8.54));
#796 = VECTOR('',#797,1.);
#797 = DIRECTION('',(0.,1.,0.));
#798 = PLANE('',#799);
#799 = AXIS2_PLACEMENT_3D('',#800,#801,#802);
#800 = CARTESIAN_POINT('',(-0.24,-0.32,8.46));
#801 = DIRECTION('',(0.707106781187,1.735167508357E-18,-0.707106781187)
  );
#802 = DIRECTION('',(-1.226948711654E-18,1.,1.226948711654E-18));
#803 = ADVANCED_FACE('',(#804),#810,.F.);
#804 = FACE_BOUND('',#805,.F.);
#805 = EDGE_LOOP('',(#806,#807,#808,#809));
#806 = ORIENTED_EDGE('',*,*,#680,.F.);
#807 = ORIENTED_EDGE('',*,*,#697,.F.);
#808 = ORIENTED_EDGE('',*,*,#632,.T.);
#809 = ORIENTED_EDGE('',*,*,#656,.T.);
#810 = PLANE('',#811);
#811 = AXIS2_PLACEMENT_3D('',#812,#813,#814);
#812 = CARTESIAN_POINT('',(-0.32,-0.32,-3.));
#813 = DIRECTION('',(0.,0.,1.));
#814 = DIRECTION('',(1.,0.,-0.));
#815 = ADVANCED_FACE('',(#816),#822,.T.);
#816 = FACE_BOUND('',#817,.T.);
#817 = EDGE_LOOP('',(#818,#819,#820,#821));
#818 = ORIENTED_EDGE('',*,*,#752,.T.);
#819 = ORIENTED_EDGE('',*,*,#776,.F.);
#820 = ORIENTED_EDGE('',*,*,#793,.F.);
#821 = ORIENTED_EDGE('',*,*,#728,.T.);
#822 = PLANE('',#823);
#823 = AXIS2_PLACEMENT_3D('',#824,#825,#826);
#824 = CARTESIAN_POINT('',(-0.32,-0.32,8.54));
#825 = DIRECTION('',(0.,0.,1.));
#826 = DIRECTION('',(1.,0.,-0.));
#827 = ( GEOMETRIC_REPRESENTATION_CONTEXT(3) 
GLOBAL_UNCERTAINTY_ASSIGNED_CONTEXT((#831)) GLOBAL_UNIT_ASSIGNED_CONTEXT
((#828,#829,#830)) REPRESENTATION_CONTEXT('Context #1',
  '3D Context with UNIT and UNCERTAINTY') );
#828 = ( LENGTH_UNIT() NAMED_UNIT(*) SI_UNIT(.MILLI.,.METRE.) );
#829 = ( NAMED_UNIT(*) PLANE_ANGLE_UNIT() SI_UNIT($,.RADIAN.) );
#830 = ( NAMED_UNIT(*) SI_UNIT($,.STERADIAN.) SOLID_ANGLE_UNIT() );
#831 = UNCERTAINTY_MEASURE_WITH_UNIT(LENGTH_MEASURE(1.E-07),#828,
  'distance_accuracy_value','confusion accuracy');
#832 = CONTEXT_DEPENDENT_SHAPE_REPRESENTATION(#833,#835);
#833 = ( REPRESENTATION_RELATIONSHIP('','',#68,#10) 
REPRESENTATION_RELATIONSHIP_WITH_TRANSFORMATION(#834) 
SHAPE_REPRESENTATION_RELATIONSHIP() );
#834 = ITEM_DEFINED_TRANSFORMATION('','',#11,#15);
#835 = PRODUCT_DEFINITION_SHAPE('Placement','Placement of an item',#836
  );
#836 = NEXT_ASSEMBLY_USAGE_OCCURRENCE('1','J3','',#5,#63,$);
#837 = PRODUCT_RELATED_PRODUCT_CATEGORY('part',$,(#65));
#838 = CONTEXT_DEPENDENT_SHAPE_REPRESENTATION(#839,#841);
#839 = ( REPRESENTATION_RELATIONSHIP('','',#68,#10) 
REPRESENTATION_RELATIONSHIP_WITH_TRANSFORMATION(#840) 
SHAPE_REPRESENTATION_RELATIONSHIP() );
#840 = ITEM_DEFINED_TRANSFORMATION('','',#11,#19);
#841 = PRODUCT_DEFINITION_SHAPE('Placement','Placement of an item',#842
  );
#842 = NEXT_ASSEMBLY_USAGE_OCCURRENCE('2','J4','',#5,#63,$);
#843 = CONTEXT_DEPENDENT_SHAPE_REPRESENTATION(#844,#846);
#844 = ( REPRESENTATION_RELATIONSHIP('','',#68,#10) 
REPRESENTATION_RELATIONSHIP_WITH_TRANSFORMATION(#845) 
SHAPE_REPRESENTATION_RELATIONSHIP() );
#845 = ITEM_DEFINED_TRANSFORMATION('','',#11,#23);
#846 = PRODUCT_DEFINITION_SHAPE('Placement','Placement of an item',#847
  );
#847 = NEXT_ASSEMBLY_USAGE_OCCURRENCE('3','J7','',#5,#63,$);
#848 = CONTEXT_DEPENDENT_SHAPE_REPRESENTATION(#849,#851);
#849 = ( REPRESENTATION_RELATIONSHIP('','',#68,#10) 
REPRESENTATION_RELATIONSHIP_WITH_TRANSFORMATION(#850) 
SHAPE_REPRESENTATION_RELATIONSHIP() );
#850 = ITEM_DEFINED_TRANSFORMATION('','',#11,#27);
#851 = PRODUCT_DEFINITION_SHAPE('Placement','Placement of an item',#852
  );
#852 = NEXT_ASSEMBLY_USAGE_OCCURRENCE('4','J2','',#5,#63,$);
#853 = CONTEXT_DEPENDENT_SHAPE_REPRESENTATION(#854,#856);
#854 = ( REPRESENTATION_RELATIONSHIP('','',#68,#10) 
REPRESENTATION_RELATIONSHIP_WITH_TRANSFORMATION(#855) 
SHAPE_REPRESENTATION_RELATIONSHIP() );
#855 = ITEM_DEFINED_TRANSFORMATION('','',#11,#31);
#856 = PRODUCT_DEFINITION_SHAPE('Placement','Placement of an item',#857
  );
#857 = NEXT_ASSEMBLY_USAGE_OCCURRENCE('5','J1','',#5,#63,$);
#858 = SHAPE_DEFINITION_REPRESENTATION(#859,#865);
#859 = PRODUCT_DEFINITION_SHAPE('','',#860);
#860 = PRODUCT_DEFINITION('design','',#861,#864);
#861 = PRODUCT_DEFINITION_FORMATION('','',#862);
#862 = PRODUCT('R_Axial_DIN0207_L6.3mm_D2.5mm_P7.62mm_Horizontal',
  'R_Axial_DIN0207_L6.3mm_D2.5mm_P7.62mm_Horizontal','',(#863));
#863 = PRODUCT_CONTEXT('',#2,'mechanical');
#864 = PRODUCT_DEFINITION_CONTEXT('part definition',#2,'design');
#865 = ADVANCED_BREP_SHAPE_REPRESENTATION('',(#11,#866),#1529);
#866 = MANIFOLD_SOLID_BREP('',#867);
#867 = CLOSED_SHELL('',(#868,#901,#927,#947,#1130,#1155,#1181,#1201,
    #1226,#1251,#1260,#1286,#1469,#1495,#1520));
#868 = ADVANCED_FACE('',(#869),#896,.T.);
#869 = FACE_BOUND('',#870,.T.);
#870 = EDGE_LOOP('',(#871,#880,#888,#895));
#871 = ORIENTED_EDGE('',*,*,#872,.T.);
#872 = EDGE_CURVE('',#873,#873,#875,.T.);
#873 = VERTEX_POINT('',#874);
#874 = CARTESIAN_POINT('',(1.285,1.25,1.25));
#875 = CIRCLE('',#876,1.25);
#876 = AXIS2_PLACEMENT_3D('',#877,#878,#879);
#877 = CARTESIAN_POINT('',(1.285,0.,1.25));
#878 = DIRECTION('',(1.,0.,0.));
#879 = DIRECTION('',(-0.,1.,0.));
#880 = ORIENTED_EDGE('',*,*,#881,.T.);
#881 = EDGE_CURVE('',#873,#882,#884,.T.);
#882 = VERTEX_POINT('',#883);
#883 = CARTESIAN_POINT('',(2.235,1.25,1.25));
#884 = LINE('',#885,#886);
#885 = CARTESIAN_POINT('',(0.66,1.25,1.25));
#886 = VECTOR('',#887,1.);
#887 = DIRECTION('',(1.,0.,0.));
#888 = ORIENTED_EDGE('',*,*,#889,.F.);
#889 = EDGE_CURVE('',#882,#882,#890,.T.);
#890 = CIRCLE('',#891,1.25);
#891 = AXIS2_PLACEMENT_3D('',#892,#893,#894);
#892 = CARTESIAN_POINT('',(2.235,0.,1.25));
#893 = DIRECTION('',(1.,0.,0.));
#894 = DIRECTION('',(-0.,1.,0.));
#895 = ORIENTED_EDGE('',*,*,#881,.F.);
#896 = CYLINDRICAL_SURFACE('',#897,1.25);
#897 = AXIS2_PLACEMENT_3D('',#898,#899,#900);
#898 = CARTESIAN_POINT('',(0.66,0.,1.25));
#899 = DIRECTION('',(-1.,-0.,-0.));
#900 = DIRECTION('',(0.,1.,0.));
#901 = ADVANCED_FACE('',(#902),#922,.T.);
#902 = FACE_BOUND('',#903,.T.);
#903 = EDGE_LOOP('',(#904,#913,#920,#921));
#904 = ORIENTED_EDGE('',*,*,#905,.T.);
#905 = EDGE_CURVE('',#906,#906,#908,.T.);
#906 = VERTEX_POINT('',#907);
#907 = CARTESIAN_POINT('',(0.66,0.625,1.25));
#908 = CIRCLE('',#909,0.625);
#909 = AXIS2_PLACEMENT_3D('',#910,#911,#912);
#910 = CARTESIAN_POINT('',(0.66,0.,1.25));
#911 = DIRECTION('',(1.,0.,0.));
#912 = DIRECTION('',(-0.,1.,0.));
#913 = ORIENTED_EDGE('',*,*,#914,.F.);
#914 = EDGE_CURVE('',#873,#906,#915,.T.);
#915 = CIRCLE('',#916,0.625);
#916 = AXIS2_PLACEMENT_3D('',#917,#918,#919);
#917 = CARTESIAN_POINT('',(1.285,0.625,1.25));
#918 = DIRECTION('',(0.,-0.,1.));
#919 = DIRECTION('',(0.,1.,0.));
#920 = ORIENTED_EDGE('',*,*,#872,.F.);
#921 = ORIENTED_EDGE('',*,*,#914,.T.);
#922 = TOROIDAL_SURFACE('',#923,0.625,0.625);
#923 = AXIS2_PLACEMENT_3D('',#924,#925,#926);
#924 = CARTESIAN_POINT('',(1.285,0.,1.25));
#925 = DIRECTION('',(-1.,0.,0.));
#926 = DIRECTION('',(0.,1.,0.));
#927 = ADVANCED_FACE('',(#928,#931),#942,.F.);
#928 = FACE_BOUND('',#929,.F.);
#929 = EDGE_LOOP('',(#930));
#930 = ORIENTED_EDGE('',*,*,#889,.F.);
#931 = FACE_BOUND('',#932,.F.);
#932 = EDGE_LOOP('',(#933));
#933 = ORIENTED_EDGE('',*,*,#934,.F.);
#934 = EDGE_CURVE('',#935,#935,#937,.T.);
#935 = VERTEX_POINT('',#936);
#936 = CARTESIAN_POINT('',(2.235,1.125,1.25));
#937 = CIRCLE('',#938,1.125);
#938 = AXIS2_PLACEMENT_3D('',#939,#940,#941);
#939 = CARTESIAN_POINT('',(2.235,0.,1.25));
#940 = DIRECTION('',(-1.,0.,0.));
#941 = DIRECTION('',(0.,1.,0.));
#942 = PLANE('',#943);
#943 = AXIS2_PLACEMENT_3D('',#944,#945,#946);
#944 = CARTESIAN_POINT('',(2.235,1.25,1.25));
#945 = DIRECTION('',(-1.,0.,0.));
#946 = DIRECTION('',(0.,0.,-1.));
#947 = ADVANCED_FACE('',(#948,#951),#1125,.T.);
#948 = FACE_BOUND('',#949,.T.);
#949 = EDGE_LOOP('',(#950));
#950 = ORIENTED_EDGE('',*,*,#905,.F.);
#951 = FACE_BOUND('',#952,.T.);
#952 = EDGE_LOOP('',(#953));
#953 = ORIENTED_EDGE('',*,*,#954,.F.);
#954 = EDGE_CURVE('',#955,#955,#957,.T.);
#955 = VERTEX_POINT('',#956);
#956 = CARTESIAN_POINT('',(0.66,1.102182119233E-16,0.899909083395));
#957 = B_SPLINE_CURVE_WITH_KNOTS('',6,(#958,#959,#960,#961,#962,#963,
    #964,#965,#966,#967,#968,#969,#970,#971,#972,#973,#974,#975,#976,
    #977,#978,#979,#980,#981,#982,#983,#984,#985,#986,#987,#988,#989,
    #990,#991,#992,#993,#994,#995,#996,#997,#998,#999,#1000,#1001,#1002,
    #1003,#1004,#1005,#1006,#1007,#1008,#1009,#1010,#1011,#1012,#1013,
    #1014,#1015,#1016,#1017,#1018,#1019,#1020,#1021,#1022,#1023,#1024,
    #1025,#1026,#1027,#1028,#1029,#1030,#1031,#1032,#1033,#1034,#1035,
    #1036,#1037,#1038,#1039,#1040,#1041,#1042,#1043,#1044,#1045,#1046,
    #1047,#1048,#1049,#1050,#1051,#1052,#1053,#1054,#1055,#1056,#1057,
    #1058,#1059,#1060,#1061,#1062,#1063,#1064,#1065,#1066,#1067,#1068,
    #1069,#1070,#1071,#1072,#1073,#1074,#1075,#1076,#1077,#1078,#1079,
    #1080,#1081,#1082,#1083,#1084,#1085,#1086,#1087,#1088,#1089,#1090,
    #1091,#1092,#1093,#1094,#1095,#1096,#1097,#1098,#1099,#1100,#1101,
    #1102,#1103,#1104,#1105,#1106,#1107,#1108,#1109,#1110,#1111,#1112,
    #1113,#1114,#1115,#1116,#1117,#1118,#1119,#1120,#1121,#1122,#1123,
    #1124),.UNSPECIFIED.,.T.,.F.,(1,6,5,5,5,5,5,5,5,5,5,5,5,5,5,5,5,5,5,
    5,5,5,5,5,5,5,5,5,5,5,5,5,5,5,6,1),(-3.7441643477E-02,0.,
    2.521870323933E-02,5.431496394384E-02,8.648919549843E-02,
    0.120700162351,0.155854554579,0.191019956077,0.22552099352,
    0.258944151729,0.291091798271,0.321919308947,0.351475044446,
    0.379851974729,0.407153625953,0.43347490921,0.458900868731,
    0.483545347382,0.505902822615,0.530283950565,0.555351989471,
    0.581274789002,0.608140584187,0.636038742308,0.665070462617,
    0.695336577837,0.72690990423,0.759792997252,0.79386262098,
    0.828806470397,0.864066503475,0.898816439436,0.932013287381,
    0.962558356523,1.,1.025218703239),.UNSPECIFIED.);
#958 = CARTESIAN_POINT('',(0.66,0.,0.899909083395));
#959 = CARTESIAN_POINT('',(0.66,-9.861963323296E-03,0.899909084471));
#960 = CARTESIAN_POINT('',(0.66,-1.960383099012E-02,0.900333558971));
#961 = CARTESIAN_POINT('',(0.66,-2.90667633729E-02,0.901163095205));
#962 = CARTESIAN_POINT('',(0.66,-3.818473840012E-02,0.902336888075));
#963 = CARTESIAN_POINT('',(0.66,-4.697555886318E-02,0.903805406252));
#964 = CARTESIAN_POINT('',(0.66,-6.541217845247E-02,0.907588617289));
#965 = CARTESIAN_POINT('',(0.66,-7.491989955217E-02,0.909985996381));
#966 = CARTESIAN_POINT('',(0.66,-8.408858685729E-02,0.912709602459));
#967 = CARTESIAN_POINT('',(0.66,-9.29431150905E-02,0.915726339128));
#968 = CARTESIAN_POINT('',(0.66,-0.101504886237,0.919011492948));
#969 = CARTESIAN_POINT('',(0.66,-0.118958160976,0.926453793498));
#970 = CARTESIAN_POINT('',(0.66,-0.127787740677,0.930666021227));
#971 = CARTESIAN_POINT('',(0.66,-0.136306213845,0.935155972835));
#972 = CARTESIAN_POINT('',(0.66,-0.144532125259,0.939904061777));
#973 = CARTESIAN_POINT('',(0.66,-0.152479834979,0.944895594586));
#974 = CARTESIAN_POINT('',(0.66,-0.168328675181,0.955672717204));
#975 = CARTESIAN_POINT('',(0.66,-0.176194628708,0.961488338811));
#976 = CARTESIAN_POINT('',(0.66,-0.183772627725,0.967551590964));
#977 = CARTESIAN_POINT('',(0.66,-0.191071921446,0.973851630909));
#978 = CARTESIAN_POINT('',(0.66,-0.19809849539,0.980379998969));
#979 = CARTESIAN_POINT('',(0.66,-0.211800252103,0.99406561399));
#980 = CARTESIAN_POINT('',(0.66,-0.218460183619,1.001235038361));
#981 = CARTESIAN_POINT('',(0.66,-0.224839916669,1.008630424477));
#982 = CARTESIAN_POINT('',(0.66,-0.230940302033,1.016245317007));
#983 = CARTESIAN_POINT('',(0.66,-0.236759778797,1.024074009311));
#984 = CARTESIAN_POINT('',(0.66,-0.247832030244,1.040150827903));
#985 = CARTESIAN_POINT('',(0.66,-0.253084597548,1.048398894868));
#986 = CARTESIAN_POINT('',(0.66,-0.258049056373,1.056850063306));
#987 = CARTESIAN_POINT('',(0.66,-0.262719990238,1.065498702059));
#988 = CARTESIAN_POINT('',(0.66,-0.267090249501,1.07433884651));
#989 = CARTESIAN_POINT('',(0.66,-0.275134936213,1.092219038761));
#990 = CARTESIAN_POINT('',(0.66,-0.278821023102,1.101251941956));
#991 = CARTESIAN_POINT('',(0.66,-0.282200792082,1.110456832947));
#992 = CARTESIAN_POINT('',(0.66,-0.285264705632,1.119826546568));
#993 = CARTESIAN_POINT('',(0.66,-0.288002108658,1.129352827713));
#994 = CARTESIAN_POINT('',(0.66,-0.29272539517,1.148397615962));
#995 = CARTESIAN_POINT('',(0.66,-0.29473218058,1.157906910826));
#996 = CARTESIAN_POINT('',(0.66,-0.296410836061,1.167545600214));
#997 = CARTESIAN_POINT('',(0.66,-0.297750151594,1.177303530334));
#998 = CARTESIAN_POINT('',(0.66,-0.298738455802,1.187169009313));
#999 = CARTESIAN_POINT('',(0.66,-0.299964918417,1.206708514181));
#1000 = CARTESIAN_POINT('',(0.66,-0.300230384291,1.216375379318));
#1001 = CARTESIAN_POINT('',(0.66,-0.300149186912,1.226117491764));
#1002 = CARTESIAN_POINT('',(0.66,-0.299710710819,1.235921272022));
#1003 = CARTESIAN_POINT('',(0.66,-0.298904551758,1.245771471938));
#1004 = CARTESIAN_POINT('',(0.66,-0.296585103724,1.265125169703));
#1005 = CARTESIAN_POINT('',(0.66,-0.295102339165,1.274626258325));
#1006 = CARTESIAN_POINT('',(0.66,-0.293263240337,1.284139377081));
#1007 = CARTESIAN_POINT('',(0.66,-0.291059628806,1.293647957516));
#1008 = CARTESIAN_POINT('',(0.66,-0.288484130363,1.303133926208));
#1009 = CARTESIAN_POINT('',(0.66,-0.282698083788,1.321631884472));
#1010 = CARTESIAN_POINT('',(0.66,-0.279518227914,1.330647303479));
#1011 = CARTESIAN_POINT('',(0.66,-0.275984860345,1.33960658093));
#1012 = CARTESIAN_POINT('',(0.66,-0.272093455342,1.348491200819));
#1013 = CARTESIAN_POINT('',(0.66,-0.267840708483,1.357281511993));
#1014 = CARTESIAN_POINT('',(0.66,-0.258792476906,1.374285940745));
#1015 = CARTESIAN_POINT('',(0.66,-0.254025481533,1.382509111114));
#1016 = CARTESIAN_POINT('',(0.66,-0.248921768643,1.390607755283));
#1017 = CARTESIAN_POINT('',(0.66,-0.243480982245,1.398562700734));
#1018 = CARTESIAN_POINT('',(0.66,-0.237704192262,1.406354086406));
#1019 = CARTESIAN_POINT('',(0.66,-0.22571513259,1.421280378602));
#1020 = CARTESIAN_POINT('',(0.66,-0.219527706492,1.428429037341));
#1021 = CARTESIAN_POINT('',(0.66,-0.213033892817,1.435388992124));
#1022 = CARTESIAN_POINT('',(0.66,-0.206237433156,1.442141613477));
#1023 = CARTESIAN_POINT('',(0.66,-0.199143534101,1.448667989237));
#1024 = CARTESIAN_POINT('',(0.66,-0.184639374507,1.46100431938));
#1025 = CARTESIAN_POINT('',(0.66,-0.177249666015,1.466831638372));
#1026 = CARTESIAN_POINT('',(0.66,-0.169595736209,1.472413656662));
#1027 = CARTESIAN_POINT('',(0.66,-0.161685054894,1.477733175901));
#1028 = CARTESIAN_POINT('',(0.66,-0.153526567249,1.482773024258));
#1029 = CARTESIAN_POINT('',(0.66,-0.137020407721,1.492097753386));
#1030 = CARTESIAN_POINT('',(0.66,-0.128688747003,1.496402530856));
#1031 = CARTESIAN_POINT('',(0.66,-0.12014499879,1.500414878928));
#1032 = CARTESIAN_POINT('',(0.66,-0.111400259626,1.504119593216));
#1033 = CARTESIAN_POINT('',(0.66,-0.102467435485,1.507501774849));
#1034 = CARTESIAN_POINT('',(0.66,-8.453493192811E-02,1.513498294635));
#1035 = CARTESIAN_POINT('',(0.66,-7.554639694304E-02,1.516132890753));
#1036 = CARTESIAN_POINT('',(0.66,-6.64085144705E-02,1.518437847791));
#1037 = CARTESIAN_POINT('',(0.66,-5.713783351899E-02,1.520400106432));
#1038 = CARTESIAN_POINT('',(0.66,-4.775488525608E-02,1.522007764907));
#1039 = CARTESIAN_POINT('',(0.66,-2.969295309097E-02,1.524379864025));
#1040 = CARTESIAN_POINT('',(0.66,-2.102888075484E-02,1.525208782901));
#1041 = CARTESIAN_POINT('',(0.66,-1.231401679426E-02,1.525730893697));
#1042 = CARTESIAN_POINT('',(0.66,-3.572675622322E-03,1.525941364018));
#1043 = CARTESIAN_POINT('',(0.66,5.168222805428E-03,1.525838983228));
#1044 = CARTESIAN_POINT('',(0.66,2.337847467049E-02,1.524978205181));
#1045 = CARTESIAN_POINT('',(0.66,3.284375814827E-02,1.524161190409));
#1046 = CARTESIAN_POINT('',(0.66,4.224166817951E-02,1.522980309203));
#1047 = CARTESIAN_POINT('',(0.66,5.154498116248E-02,1.52144453626));
#1048 = CARTESIAN_POINT('',(0.66,6.073223707979E-02,1.519565307122));
#1049 = CARTESIAN_POINT('',(0.66,7.909772773064E-02,1.515080653378));
#1050 = CARTESIAN_POINT('',(0.66,8.826753248322E-02,1.512456350085));
#1051 = CARTESIAN_POINT('',(0.66,9.727917108862E-02,1.509494369221));
#1052 = CARTESIAN_POINT('',(0.66,0.106117308319,1.506208374239));
#1053 = CARTESIAN_POINT('',(0.66,0.114768939441,1.502612541932));
#1054 = CARTESIAN_POINT('',(0.66,0.131966117695,1.494697909774));
#1055 = CARTESIAN_POINT('',(0.66,0.140497702999,1.490358571609));
#1056 = CARTESIAN_POINT('',(0.66,0.148806061897,1.485719660214));
#1057 = CARTESIAN_POINT('',(0.66,0.156880650792,1.480797427009));
#1058 = CARTESIAN_POINT('',(0.66,0.164712466725,1.47560826256));
#1059 = CARTESIAN_POINT('',(0.66,0.180151423764,1.464531255078));
#1060 = CARTESIAN_POINT('',(0.66,0.187739958872,1.458624810593));
#1061 = CARTESIAN_POINT('',(0.66,0.195051326582,1.452467732556));
#1062 = CARTESIAN_POINT('',(0.66,0.202078661493,1.446078253645));
#1063 = CARTESIAN_POINT('',(0.66,0.208816558921,1.439474469779));
#1064 = CARTESIAN_POINT('',(0.66,0.221953232148,1.425612904145));
#1065 = CARTESIAN_POINT('',(0.66,0.228328983313,1.41833967682));
#1066 = CARTESIAN_POINT('',(0.66,0.234383958936,1.410874731309));
#1067 = CARTESIAN_POINT('',(0.66,0.240115246881,1.403237638329));
#1068 = CARTESIAN_POINT('',(0.66,0.245521392347,1.395447466144));
#1069 = CARTESIAN_POINT('',(0.66,0.255889855564,1.379276097975));
#1070 = CARTESIAN_POINT('',(0.66,0.260825146013,1.370883681886));
#1071 = CARTESIAN_POINT('',(0.66,0.265408341569,1.362366377835));
#1072 = CARTESIAN_POINT('',(0.66,0.269640849736,1.353744088225));
#1073 = CARTESIAN_POINT('',(0.66,0.273525413156,1.345035772328));
#1074 = CARTESIAN_POINT('',(0.66,0.280757352367,1.327109961101));
#1075 = CARTESIAN_POINT('',(0.66,0.284074759274,1.317886517643));
#1076 = CARTESIAN_POINT('',(0.66,0.287023012024,1.308609403309));
#1077 = CARTESIAN_POINT('',(0.66,0.289607802772,1.299297542852));
#1078 = CARTESIAN_POINT('',(0.66,0.291835834134,1.289968498384));
#1079 = CARTESIAN_POINT('',(0.66,0.295674958709,1.270905470981));
#1080 = CARTESIAN_POINT('',(0.66,0.297255116553,1.261171411794));
#1081 = CARTESIAN_POINT('',(0.66,0.298464074992,1.251454521799));
#1082 = CARTESIAN_POINT('',(0.66,0.299311100714,1.241771401083));
#1083 = CARTESIAN_POINT('',(0.66,0.299805944827,1.232137019844));
#1084 = CARTESIAN_POINT('',(0.66,0.30011808361,1.212595326012));
#1085 = CARTESIAN_POINT('',(0.66,0.299906283631,1.202693348802));
#1086 = CARTESIAN_POINT('',(0.66,0.299334987113,1.192873693594));
#1087 = CARTESIAN_POINT('',(0.66,0.298415571185,1.183149633751));
#1088 = CARTESIAN_POINT('',(0.66,0.297159245916,1.173532809156));
#1089 = CARTESIAN_POINT('',(0.66,0.293937772017,1.154190866917));
#1090 = CARTESIAN_POINT('',(0.66,0.291948568133,1.144474505513));
#1091 = CARTESIAN_POINT('',(0.66,0.289621677512,1.134895129825));
#1092 = CARTESIAN_POINT('',(0.66,0.286968496105,1.125462405282));
#1093 = CARTESIAN_POINT('',(0.66,0.283999580964,1.116184674916));
#1094 = CARTESIAN_POINT('',(0.66,0.277365684897,1.097719334783));
#1095 = CARTESIAN_POINT('',(0.66,0.273684712853,1.08854034335));
#1096 = CARTESIAN_POINT('',(0.66,0.269692176119,1.079539433524));
#1097 = CARTESIAN_POINT('',(0.66,0.265397048483,1.07072335418));
#1098 = CARTESIAN_POINT('',(0.66,0.260806835513,1.062098154612));
#1099 = CARTESIAN_POINT('',(0.66,0.251004164416,1.045163946312));
#1100 = CARTESIAN_POINT('',(0.66,0.245786379559,1.036858764173));
#1101 = CARTESIAN_POINT('',(0.66,0.240280407048,1.028758964174));
#1102 = CARTESIAN_POINT('',(0.66,0.234490342534,1.020870115558));
#1103 = CARTESIAN_POINT('',(0.66,0.228418190257,1.013198030747));
#1104 = CARTESIAN_POINT('',(0.66,0.215801462132,0.998407266407));
#1105 = CARTESIAN_POINT('',(0.66,0.209265037039,0.991282398269));
#1106 = CARTESIAN_POINT('',(0.66,0.202454011648,0.98438004474));
#1107 = CARTESIAN_POINT('',(0.66,0.195365844133,0.977707070031));
#1108 = CARTESIAN_POINT('',(0.66,0.187995125017,0.971271927442));
#1109 = CARTESIAN_POINT('',(0.66,0.173012685338,0.959175110633));
#1110 = CARTESIAN_POINT('',(0.66,0.165426730288,0.953491920673));
#1111 = CARTESIAN_POINT('',(0.66,0.157566473117,0.948044968651));
#1112 = CARTESIAN_POINT('',(0.66,0.149421191466,0.9428457983));
#1113 = CARTESIAN_POINT('',(0.66,0.140976348171,0.937909629891));
#1114 = CARTESIAN_POINT('',(0.66,0.124148062588,0.928975570166));
#1115 = CARTESIAN_POINT('',(0.66,0.115814079383,0.924934455913));
#1116 = CARTESIAN_POINT('',(0.66,0.107194119667,0.921149233675));
#1117 = CARTESIAN_POINT('',(0.66,9.826941158436E-02,0.91763978502));
#1118 = CARTESIAN_POINT('',(0.66,8.901687105598E-02,0.914432779149));
#1119 = CARTESIAN_POINT('',(0.66,6.762842160337E-02,0.908048369916));
#1120 = CARTESIAN_POINT('',(0.66,5.540310162877E-02,0.905067930004));
#1121 = CARTESIAN_POINT('',(0.66,4.253150709481E-02,0.902628405907));
#1122 = CARTESIAN_POINT('',(0.66,2.893757304003E-02,0.900850137762));
#1123 = CARTESIAN_POINT('',(0.66,1.468319780375E-02,0.899909084997));
#1124 = CARTESIAN_POINT('',(0.66,0.,0.899909083395));
#1125 = PLANE('',#1126);
#1126 = AXIS2_PLACEMENT_3D('',#1127,#1128,#1129);
#1127 = CARTESIAN_POINT('',(0.66,1.25,1.25));
#1128 = DIRECTION('',(-1.,0.,0.));
#1129 = DIRECTION('',(0.,0.,-1.));
#1130 = ADVANCED_FACE('',(#1131),#1150,.T.);
#1131 = FACE_BOUND('',#1132,.T.);
#1132 = EDGE_LOOP('',(#1133,#1142,#1148,#1149));
#1133 = ORIENTED_EDGE('',*,*,#1134,.T.);
#1134 = EDGE_CURVE('',#1135,#1135,#1137,.T.);
#1135 = VERTEX_POINT('',#1136);
#1136 = CARTESIAN_POINT('',(5.385,1.125,1.25));
#1137 = CIRCLE('',#1138,1.125);
#1138 = AXIS2_PLACEMENT_3D('',#1139,#1140,#1141);
#1139 = CARTESIAN_POINT('',(5.385,0.,1.25));
#1140 = DIRECTION('',(-1.,0.,0.));
#1141 = DIRECTION('',(0.,1.,0.));
#1142 = ORIENTED_EDGE('',*,*,#1143,.F.);
#1143 = EDGE_CURVE('',#935,#1135,#1144,.T.);
#1144 = LINE('',#1145,#1146);
#1145 = CARTESIAN_POINT('',(0.66,1.125,1.25));
#1146 = VECTOR('',#1147,1.);
#1147 = DIRECTION('',(1.,0.,0.));
#1148 = ORIENTED_EDGE('',*,*,#934,.F.);
#1149 = ORIENTED_EDGE('',*,*,#1143,.T.);
#1150 = CYLINDRICAL_SURFACE('',#1151,1.125);
#1151 = AXIS2_PLACEMENT_3D('',#1152,#1153,#1154);
#1152 = CARTESIAN_POINT('',(0.66,0.,1.25));
#1153 = DIRECTION('',(-1.,-0.,-0.));
#1154 = DIRECTION('',(0.,1.,0.));
#1155 = ADVANCED_FACE('',(#1156),#1176,.T.);
#1156 = FACE_BOUND('',#1157,.T.);
#1157 = EDGE_LOOP('',(#1158,#1167,#1174,#1175));
#1158 = ORIENTED_EDGE('',*,*,#1159,.T.);
#1159 = EDGE_CURVE('',#1160,#1160,#1162,.T.);
#1160 = VERTEX_POINT('',#1161);
#1161 = CARTESIAN_POINT('',(0.3,0.,0.35));
#1162 = CIRCLE('',#1163,0.3);
#1163 = AXIS2_PLACEMENT_3D('',#1164,#1165,#1166);
#1164 = CARTESIAN_POINT('',(0.,0.,0.35));
#1165 = DIRECTION('',(0.,0.,1.));
#1166 = DIRECTION('',(1.,0.,-0.));
#1167 = ORIENTED_EDGE('',*,*,#1168,.T.);
#1168 = EDGE_CURVE('',#1160,#955,#1169,.T.);
#1169 = CIRCLE('',#1170,0.6);
#1170 = AXIS2_PLACEMENT_3D('',#1171,#1172,#1173);
#1171 = CARTESIAN_POINT('',(0.9,1.102182119233E-16,0.35));
#1172 = DIRECTION('',(0.,1.,-0.));
#1173 = DIRECTION('',(-1.,0.,4.93432455389E-16));
#1174 = ORIENTED_EDGE('',*,*,#954,.T.);
#1175 = ORIENTED_EDGE('',*,*,#1168,.F.);
#1176 = TOROIDAL_SURFACE('',#1177,0.9,0.3);
#1177 = AXIS2_PLACEMENT_3D('',#1178,#1179,#1180);
#1178 = CARTESIAN_POINT('',(0.9,0.,0.35));
#1179 = DIRECTION('',(0.,1.,0.));
#1180 = DIRECTION('',(-1.,0.,4.93432455389E-16));
#1181 = ADVANCED_FACE('',(#1182,#1193),#1196,.T.);
#1182 = FACE_BOUND('',#1183,.T.);
#1183 = EDGE_LOOP('',(#1184));
#1184 = ORIENTED_EDGE('',*,*,#1185,.F.);
#1185 = EDGE_CURVE('',#1186,#1186,#1188,.T.);
#1186 = VERTEX_POINT('',#1187);
#1187 = CARTESIAN_POINT('',(5.385,1.25,1.25));
#1188 = CIRCLE('',#1189,1.25);
#1189 = AXIS2_PLACEMENT_3D('',#1190,#1191,#1192);
#1190 = CARTESIAN_POINT('',(5.385,0.,1.25));
#1191 = DIRECTION('',(1.,0.,0.));
#1192 = DIRECTION('',(-0.,1.,0.));
#1193 = FACE_BOUND('',#1194,.T.);
#1194 = EDGE_LOOP('',(#1195));
#1195 = ORIENTED_EDGE('',*,*,#1134,.F.);
#1196 = PLANE('',#1197);
#1197 = AXIS2_PLACEMENT_3D('',#1198,#1199,#1200);
#1198 = CARTESIAN_POINT('',(5.385,1.25,1.25));
#1199 = DIRECTION('',(-1.,0.,0.));
#1200 = DIRECTION('',(0.,0.,-1.));
#1201 = ADVANCED_FACE('',(#1202),#1221,.T.);
#1202 = FACE_BOUND('',#1203,.T.);
#1203 = EDGE_LOOP('',(#1204,#1212,#1213,#1214));
#1204 = ORIENTED_EDGE('',*,*,#1205,.T.);
#1205 = EDGE_CURVE('',#1206,#1160,#1208,.T.);
#1206 = VERTEX_POINT('',#1207);
#1207 = CARTESIAN_POINT('',(0.3,-7.347880794884E-17,-3.));
#1208 = LINE('',#1209,#1210);
#1209 = CARTESIAN_POINT('',(0.3,0.,-3.));
#1210 = VECTOR('',#1211,1.);
#1211 = DIRECTION('',(0.,0.,1.));
#1212 = ORIENTED_EDGE('',*,*,#1159,.F.);
#1213 = ORIENTED_EDGE('',*,*,#1205,.F.);
#1214 = ORIENTED_EDGE('',*,*,#1215,.T.);
#1215 = EDGE_CURVE('',#1206,#1206,#1216,.T.);
#1216 = CIRCLE('',#1217,0.3);
#1217 = AXIS2_PLACEMENT_3D('',#1218,#1219,#1220);
#1218 = CARTESIAN_POINT('',(0.,0.,-3.));
#1219 = DIRECTION('',(0.,0.,1.));
#1220 = DIRECTION('',(1.,0.,-0.));
#1221 = CYLINDRICAL_SURFACE('',#1222,0.3);
#1222 = AXIS2_PLACEMENT_3D('',#1223,#1224,#1225);
#1223 = CARTESIAN_POINT('',(0.,0.,-3.));
#1224 = DIRECTION('',(0.,0.,1.));
#1225 = DIRECTION('',(1.,0.,-0.));
#1226 = ADVANCED_FACE('',(#1227),#1246,.T.);
#1227 = FACE_BOUND('',#1228,.T.);
#1228 = EDGE_LOOP('',(#1229,#1230,#1238,#1245));
#1229 = ORIENTED_EDGE('',*,*,#1185,.T.);
#1230 = ORIENTED_EDGE('',*,*,#1231,.T.);
#1231 = EDGE_CURVE('',#1186,#1232,#1234,.T.);
#1232 = VERTEX_POINT('',#1233);
#1233 = CARTESIAN_POINT('',(6.335,1.25,1.25));
#1234 = LINE('',#1235,#1236);
#1235 = CARTESIAN_POINT('',(5.385,1.25,1.25));
#1236 = VECTOR('',#1237,1.);
#1237 = DIRECTION('',(1.,0.,0.));
#1238 = ORIENTED_EDGE('',*,*,#1239,.F.);
#1239 = EDGE_CURVE('',#1232,#1232,#1240,.T.);
#1240 = CIRCLE('',#1241,1.25);
#1241 = AXIS2_PLACEMENT_3D('',#1242,#1243,#1244);
#1242 = CARTESIAN_POINT('',(6.335,0.,1.25));
#1243 = DIRECTION('',(1.,0.,0.));
#1244 = DIRECTION('',(-0.,1.,0.));
#1245 = ORIENTED_EDGE('',*,*,#1231,.F.);
#1246 = CYLINDRICAL_SURFACE('',#1247,1.25);
#1247 = AXIS2_PLACEMENT_3D('',#1248,#1249,#1250);
#1248 = CARTESIAN_POINT('',(5.385,0.,1.25));
#1249 = DIRECTION('',(-1.,-0.,-0.));
#1250 = DIRECTION('',(0.,1.,0.));
#1251 = ADVANCED_FACE('',(#1252),#1255,.T.);
#1252 = FACE_BOUND('',#1253,.F.);
#1253 = EDGE_LOOP('',(#1254));
#1254 = ORIENTED_EDGE('',*,*,#1215,.T.);
#1255 = PLANE('',#1256);
#1256 = AXIS2_PLACEMENT_3D('',#1257,#1258,#1259);
#1257 = CARTESIAN_POINT('',(0.3,0.,-3.));
#1258 = DIRECTION('',(0.,0.,-1.));
#1259 = DIRECTION('',(-1.,0.,0.));
#1260 = ADVANCED_FACE('',(#1261),#1281,.T.);
#1261 = FACE_BOUND('',#1262,.T.);
#1262 = EDGE_LOOP('',(#1263,#1272,#1273,#1274));
#1263 = ORIENTED_EDGE('',*,*,#1264,.F.);
#1264 = EDGE_CURVE('',#1232,#1265,#1267,.T.);
#1265 = VERTEX_POINT('',#1266);
#1266 = CARTESIAN_POINT('',(6.96,0.625,1.25));
#1267 = CIRCLE('',#1268,0.625);
#1268 = AXIS2_PLACEMENT_3D('',#1269,#1270,#1271);
#1269 = CARTESIAN_POINT('',(6.335,0.625,1.25));
#1270 = DIRECTION('',(0.,0.,-1.));
#1271 = DIRECTION('',(0.,1.,0.));
#1272 = ORIENTED_EDGE('',*,*,#1239,.T.);
#1273 = ORIENTED_EDGE('',*,*,#1264,.T.);
#1274 = ORIENTED_EDGE('',*,*,#1275,.F.);
#1275 = EDGE_CURVE('',#1265,#1265,#1276,.T.);
#1276 = CIRCLE('',#1277,0.625);
#1277 = AXIS2_PLACEMENT_3D('',#1278,#1279,#1280);
#1278 = CARTESIAN_POINT('',(6.96,0.,1.25));
#1279 = DIRECTION('',(1.,0.,0.));
#1280 = DIRECTION('',(-0.,1.,0.));
#1281 = TOROIDAL_SURFACE('',#1282,0.625,0.625);
#1282 = AXIS2_PLACEMENT_3D('',#1283,#1284,#1285);
#1283 = CARTESIAN_POINT('',(6.335,0.,1.25));
#1284 = DIRECTION('',(1.,0.,0.));
#1285 = DIRECTION('',(-0.,1.,0.));
#1286 = ADVANCED_FACE('',(#1287,#1290),#1464,.F.);
#1287 = FACE_BOUND('',#1288,.F.);
#1288 = EDGE_LOOP('',(#1289));
#1289 = ORIENTED_EDGE('',*,*,#1275,.F.);
#1290 = FACE_BOUND('',#1291,.F.);
#1291 = EDGE_LOOP('',(#1292));
#1292 = ORIENTED_EDGE('',*,*,#1293,.F.);
#1293 = EDGE_CURVE('',#1294,#1294,#1296,.T.);
#1294 = VERTEX_POINT('',#1295);
#1295 = CARTESIAN_POINT('',(6.96,1.102182119233E-16,0.899909083395));
#1296 = B_SPLINE_CURVE_WITH_KNOTS('',6,(#1297,#1298,#1299,#1300,#1301,
    #1302,#1303,#1304,#1305,#1306,#1307,#1308,#1309,#1310,#1311,#1312,
    #1313,#1314,#1315,#1316,#1317,#1318,#1319,#1320,#1321,#1322,#1323,
    #1324,#1325,#1326,#1327,#1328,#1329,#1330,#1331,#1332,#1333,#1334,
    #1335,#1336,#1337,#1338,#1339,#1340,#1341,#1342,#1343,#1344,#1345,
    #1346,#1347,#1348,#1349,#1350,#1351,#1352,#1353,#1354,#1355,#1356,
    #1357,#1358,#1359,#1360,#1361,#1362,#1363,#1364,#1365,#1366,#1367,
    #1368,#1369,#1370,#1371,#1372,#1373,#1374,#1375,#1376,#1377,#1378,
    #1379,#1380,#1381,#1382,#1383,#1384,#1385,#1386,#1387,#1388,#1389,
    #1390,#1391,#1392,#1393,#1394,#1395,#1396,#1397,#1398,#1399,#1400,
    #1401,#1402,#1403,#1404,#1405,#1406,#1407,#1408,#1409,#1410,#1411,
    #1412,#1413,#1414,#1415,#1416,#1417,#1418,#1419,#1420,#1421,#1422,
    #1423,#1424,#1425,#1426,#1427,#1428,#1429,#1430,#1431,#1432,#1433,
    #1434,#1435,#1436,#1437,#1438,#1439,#1440,#1441,#1442,#1443,#1444,
    #1445,#1446,#1447,#1448,#1449,#1450,#1451,#1452,#1453,#1454,#1455,
    #1456,#1457,#1458,#1459,#1460,#1461,#1462,#1463),.UNSPECIFIED.,.T.,
  .F.,(1,6,5,5,5,5,5,5,5,5,5,5,5,5,5,5,5,5,5,5,5,5,5,5,5,5,5,5,5,5,5,5,5
    ,5,6,1),(-3.7454922963E-02,0.,2.522151735631E-02,5.431626764274E-02,
    8.648932873413E-02,0.120698905604,0.15585219498,0.191016701755,
    0.225517033144,0.258939642143,0.291086884381,0.32191412294,
    0.351469698498,0.379846555914,0.407148198058,0.433469525493,
    0.458895614127,0.483540398702,0.505898369155,0.530279933853,
    0.555348100008,0.581270886766,0.608136607836,0.636034631737,
    0.665066137875,0.695331933304,0.726904811218,0.759787311372,
    0.793856187529,0.828799116201,0.864057997078,0.898806507422,
    0.932001552493,0.962545077037,1.,1.025221517356),.UNSPECIFIED.);
#1297 = CARTESIAN_POINT('',(6.96,0.,0.899909083395));
#1298 = CARTESIAN_POINT('',(6.96,-9.860167462582E-03,0.89990896861));
#1299 = CARTESIAN_POINT('',(6.96,-1.96044152314E-02,0.900333777569));
#1300 = CARTESIAN_POINT('',(6.96,-2.906856746895E-02,0.901162791225));
#1301 = CARTESIAN_POINT('',(6.96,-3.818494668051E-02,0.902337445313));
#1302 = CARTESIAN_POINT('',(6.96,-4.697397432956E-02,0.903804960014));
#1303 = CARTESIAN_POINT('',(6.96,-6.54122858756E-02,0.907588661461));
#1304 = CARTESIAN_POINT('',(6.96,-7.491985816654E-02,0.909985989386));
#1305 = CARTESIAN_POINT('',(6.96,-8.408849098391E-02,0.912709553602));
#1306 = CARTESIAN_POINT('',(6.96,-9.294310465939E-02,0.915726321464));
#1307 = CARTESIAN_POINT('',(6.96,-0.10150496885,0.919011549987));
#1308 = CARTESIAN_POINT('',(6.96,-0.118958221281,0.926453836747));
#1309 = CARTESIAN_POINT('',(6.96,-0.127787715696,0.930666010737));
#1310 = CARTESIAN_POINT('',(6.96,-0.136306161655,0.935155928941));
#1311 = CARTESIAN_POINT('',(6.96,-0.144532121634,0.939904049757));
#1312 = CARTESIAN_POINT('',(6.96,-0.152479877126,0.944895641374));
#1313 = CARTESIAN_POINT('',(6.96,-0.168328600516,0.955672815412));
#1314 = CARTESIAN_POINT('',(6.96,-0.176194773963,0.961488214941));
#1315 = CARTESIAN_POINT('',(6.96,-0.183772608747,0.967551566344));
#1316 = CARTESIAN_POINT('',(6.96,-0.191071765541,0.973851742068));
#1317 = CARTESIAN_POINT('',(6.96,-0.198098606692,0.980379951052));
#1318 = CARTESIAN_POINT('',(6.96,-0.211800202804,0.994065659178));
#1319 = CARTESIAN_POINT('',(6.96,-0.218460270558,1.001234983766));
#1320 = CARTESIAN_POINT('',(6.96,-0.224839910615,1.00863041136));
#1321 = CARTESIAN_POINT('',(6.96,-0.230940211566,1.016245364777));
#1322 = CARTESIAN_POINT('',(6.96,-0.236759839456,1.024073990789));
#1323 = CARTESIAN_POINT('',(6.96,-0.247832003876,1.040150861324));
#1324 = CARTESIAN_POINT('',(6.96,-0.253084568675,1.048398903269));
#1325 = CARTESIAN_POINT('',(6.96,-0.258049049185,1.05685004652));
#1326 = CARTESIAN_POINT('',(6.96,-0.2627200155,1.065498685566));
#1327 = CARTESIAN_POINT('',(6.96,-0.267090290802,1.074338848812));
#1328 = CARTESIAN_POINT('',(6.96,-0.275134913375,1.092219064394));
#1329 = CARTESIAN_POINT('',(6.96,-0.278821000575,1.10125194666));
#1330 = CARTESIAN_POINT('',(6.96,-0.282200788118,1.110456818481));
#1331 = CARTESIAN_POINT('',(6.96,-0.285264726102,1.119826534893));
#1332 = CARTESIAN_POINT('',(6.96,-0.288002139566,1.129352832871));
#1333 = CARTESIAN_POINT('',(6.96,-0.292725370416,1.148397637921));
#1334 = CARTESIAN_POINT('',(6.96,-0.29473215882,1.157906911838));
#1335 = CARTESIAN_POINT('',(6.96,-0.296410834199,1.16754558505));
#1336 = CARTESIAN_POINT('',(6.96,-0.297750172302,1.177303521997));
#1337 = CARTESIAN_POINT('',(6.96,-0.298738484134,1.187169019587));
#1338 = CARTESIAN_POINT('',(6.96,-0.29996489055,1.20670853133));
#1339 = CARTESIAN_POINT('',(6.96,-0.300230362775,1.216375375657));
#1340 = CARTESIAN_POINT('',(6.96,-0.300149187552,1.22611747583));
#1341 = CARTESIAN_POINT('',(6.96,-0.299710732489,1.235921267953));
#1342 = CARTESIAN_POINT('',(6.96,-0.298904577874,1.245771488577));
#1343 = CARTESIAN_POINT('',(6.96,-0.296585075031,1.265125180201));
#1344 = CARTESIAN_POINT('',(6.96,-0.295102319855,1.27462625024));
#1345 = CARTESIAN_POINT('',(6.96,-0.293263243612,1.284139361954));
#1346 = CARTESIAN_POINT('',(6.96,-0.29105964956,1.293647958229));
#1347 = CARTESIAN_POINT('',(6.96,-0.288484151749,1.303133947704));
#1348 = CARTESIAN_POINT('',(6.96,-0.282698057797,1.321631888118));
#1349 = CARTESIAN_POINT('',(6.96,-0.279518212828,1.330647292743));
#1350 = CARTESIAN_POINT('',(6.96,-0.275984865526,1.339606568389));
#1351 = CARTESIAN_POINT('',(6.96,-0.27209347283,1.348491205415));
#1352 = CARTESIAN_POINT('',(6.96,-0.26784072321,1.357281534804));
#1353 = CARTESIAN_POINT('',(6.96,-0.258792456003,1.374285939199));
#1354 = CARTESIAN_POINT('',(6.96,-0.254025471274,1.382509099941));
#1355 = CARTESIAN_POINT('',(6.96,-0.248921774536,1.390607746147));
#1356 = CARTESIAN_POINT('',(6.96,-0.24348099529,1.398562707415));
#1357 = CARTESIAN_POINT('',(6.96,-0.237704200488,1.406354107177));
#1358 = CARTESIAN_POINT('',(6.96,-0.225715116467,1.421280374005));
#1359 = CARTESIAN_POINT('',(6.96,-0.219527700064,1.428429026844));
#1360 = CARTESIAN_POINT('',(6.96,-0.213033898729,1.435388985848));
#1361 = CARTESIAN_POINT('',(6.96,-0.206237442407,1.442141620875));
#1362 = CARTESIAN_POINT('',(6.96,-0.199143537578,1.448668007007));
#1363 = CARTESIAN_POINT('',(6.96,-0.184639358866,1.461004311837));
#1364 = CARTESIAN_POINT('',(6.96,-0.177249661366,1.46683162664));
#1365 = CARTESIAN_POINT('',(6.96,-0.169595743404,1.472413651413));
#1366 = CARTESIAN_POINT('',(6.96,-0.161685063001,1.477733185029));
#1367 = CARTESIAN_POINT('',(6.96,-0.153526567552,1.482773042789));
#1368 = CARTESIAN_POINT('',(6.96,-0.137020377957,1.492097733275));
#1369 = CARTESIAN_POINT('',(6.96,-0.128688741655,1.496402506097));
#1370 = CARTESIAN_POINT('',(6.96,-0.120145015698,1.500414870926));
#1371 = CARTESIAN_POINT('',(6.96,-0.111400273136,1.504119613979));
#1372 = CARTESIAN_POINT('',(6.96,-0.102467429294,1.507501811642));
#1373 = CARTESIAN_POINT('',(6.96,-8.453487359643E-02,1.513498183633));
#1374 = CARTESIAN_POINT('',(6.96,-7.554644720911E-02,1.51613308184));
#1375 = CARTESIAN_POINT('',(6.96,-6.640854708582E-02,1.518437839156));
#1376 = CARTESIAN_POINT('',(6.96,-5.713780068804E-02,1.520399910874));
#1377 = CARTESIAN_POINT('',(6.96,-4.775487845774E-02,1.522007893513));
#1378 = CARTESIAN_POINT('',(6.96,-2.969292548283E-02,1.52437977876));
#1379 = CARTESIAN_POINT('',(6.96,-2.102889094976E-02,1.525208924822));
#1380 = CARTESIAN_POINT('',(6.96,-1.231404153143E-02,1.525730890851));
#1381 = CARTESIAN_POINT('',(6.96,-3.572679276074E-03,1.525941220805));
#1382 = CARTESIAN_POINT('',(6.96,5.168243033088E-03,1.52583907475));
#1383 = CARTESIAN_POINT('',(6.96,2.337844678287E-02,1.524978413229));
#1384 = CARTESIAN_POINT('',(6.96,3.284373024997E-02,1.524160868463));
#1385 = CARTESIAN_POINT('',(6.96,4.224172239025E-02,1.522980299422));
#1386 = CARTESIAN_POINT('',(6.96,5.154503802108E-02,1.521444853212));
#1387 = CARTESIAN_POINT('',(6.96,6.073215666605E-02,1.519565119195));
#1388 = CARTESIAN_POINT('',(6.96,7.909771199475E-02,1.515080715405));
#1389 = CARTESIAN_POINT('',(6.96,8.82675531125E-02,1.512456387335));
#1390 = CARTESIAN_POINT('',(6.96,9.727920151967E-02,1.509494357792));
#1391 = CARTESIAN_POINT('',(6.96,0.106117302403,1.506208331254));
#1392 = CARTESIAN_POINT('',(6.96,0.114768890523,1.502612503667));
#1393 = CARTESIAN_POINT('',(6.96,0.1319661163,1.494697932395));
#1394 = CARTESIAN_POINT('',(6.96,0.140497712216,1.490358583428));
#1395 = CARTESIAN_POINT('',(6.96,0.148806071355,1.485719654426));
#1396 = CARTESIAN_POINT('',(6.96,0.156880646133,1.480797412311));
#1397 = CARTESIAN_POINT('',(6.96,0.164712447986,1.475608252032));
#1398 = CARTESIAN_POINT('',(6.96,0.180151425777,1.46453127229));
#1399 = CARTESIAN_POINT('',(6.96,0.187739967164,1.45862481836));
#1400 = CARTESIAN_POINT('',(6.96,0.195051332691,1.452467727028));
#1401 = CARTESIAN_POINT('',(6.96,0.20207865613,1.446078243141));
#1402 = CARTESIAN_POINT('',(6.96,0.208816543867,1.439474464151));
#1403 = CARTESIAN_POINT('',(6.96,0.221953238059,1.425612923524));
#1404 = CARTESIAN_POINT('',(6.96,0.228328994524,1.418339683896));
#1405 = CARTESIAN_POINT('',(6.96,0.234383964852,1.410874723556));
#1406 = CARTESIAN_POINT('',(6.96,0.240115238483,1.403237627432));
#1407 = CARTESIAN_POINT('',(6.96,0.245521373748,1.395447463058));
#1408 = CARTESIAN_POINT('',(6.96,0.25588986733,1.379276120213));
#1409 = CARTESIAN_POINT('',(6.96,0.260825161615,1.370883687614));
#1410 = CARTESIAN_POINT('',(6.96,0.265408347201,1.362366366749));
#1411 = CARTESIAN_POINT('',(6.96,0.269640836772,1.353744077057));
#1412 = CARTESIAN_POINT('',(6.96,0.273525389215,1.345035773446));
#1413 = CARTESIAN_POINT('',(6.96,0.280757370989,1.327109983642));
#1414 = CARTESIAN_POINT('',(6.96,0.284074778857,1.317886520225));
#1415 = CARTESIAN_POINT('',(6.96,0.28702301626,1.308609389122));
#1416 = CARTESIAN_POINT('',(6.96,0.289607785113,1.29929753334));
#1417 = CARTESIAN_POINT('',(6.96,0.291835806202,1.289968505808));
#1418 = CARTESIAN_POINT('',(6.96,0.295674983107,1.270905490066));
#1419 = CARTESIAN_POINT('',(6.96,0.297255138129,1.261171409814));
#1420 = CARTESIAN_POINT('',(6.96,0.298464076807,1.251454505978));
#1421 = CARTESIAN_POINT('',(6.96,0.299311079865,1.241771395371));
#1422 = CARTESIAN_POINT('',(6.96,0.299805916194,1.232137034265));
#1423 = CARTESIAN_POINT('',(6.96,0.300118111197,1.212595339038));
#1424 = CARTESIAN_POINT('',(6.96,0.299906304864,1.202693342182));
#1425 = CARTESIAN_POINT('',(6.96,0.299334986276,1.192873677979));
#1426 = CARTESIAN_POINT('',(6.96,0.298415549391,1.183149632812));
#1427 = CARTESIAN_POINT('',(6.96,0.29715921972,1.173532829284));
#1428 = CARTESIAN_POINT('',(6.96,0.293937801394,1.154190874));
#1429 = CARTESIAN_POINT('',(6.96,0.291948588365,1.144474495238));
#1430 = CARTESIAN_POINT('',(6.96,0.28962167445,1.134895115228));
#1431 = CARTESIAN_POINT('',(6.96,0.286968474246,1.125462408515));
#1432 = CARTESIAN_POINT('',(6.96,0.283999557728,1.116184698885));
#1433 = CARTESIAN_POINT('',(6.96,0.277365720041,1.097719338125));
#1434 = CARTESIAN_POINT('',(6.96,0.273684735103,1.088540329457));
#1435 = CARTESIAN_POINT('',(6.96,0.269692170683,1.079539418357));
#1436 = CARTESIAN_POINT('',(6.96,0.265397023465,1.070723360764));
#1437 = CARTESIAN_POINT('',(6.96,0.260806811571,1.062098183552));
#1438 = CARTESIAN_POINT('',(6.96,0.251004219697,1.045163947022));
#1439 = CARTESIAN_POINT('',(6.96,0.245786411547,1.036858741787));
#1440 = CARTESIAN_POINT('',(6.96,0.240280395782,1.028758943151));
#1441 = CARTESIAN_POINT('',(6.96,0.234490304979,1.02087012779));
#1442 = CARTESIAN_POINT('',(6.96,0.22841815861,1.013198074729));
#1443 = CARTESIAN_POINT('',(6.96,0.215801547815,0.998407234883));
#1444 = CARTESIAN_POINT('',(6.96,0.209264913083,0.99128247471));
#1445 = CARTESIAN_POINT('',(6.96,0.202454000094,0.984380026053));
#1446 = CARTESIAN_POINT('',(6.96,0.195365961507,0.977706983911));
#1447 = CARTESIAN_POINT('',(6.96,0.187995061392,0.971271997058));
#1448 = CARTESIAN_POINT('',(6.96,0.173012837564,0.959175029375));
#1449 = CARTESIAN_POINT('',(6.96,0.165426529007,0.953492099376));
#1450 = CARTESIAN_POINT('',(6.96,0.157566437944,0.948044934321));
#1451 = CARTESIAN_POINT('',(6.96,0.149421373308,0.942845601948));
#1452 = CARTESIAN_POINT('',(6.96,0.140976264593,0.937909781461));
#1453 = CARTESIAN_POINT('',(6.96,0.124148131162,0.928975627958));
#1454 = CARTESIAN_POINT('',(6.96,0.115814071992,0.924934439518));
#1455 = CARTESIAN_POINT('',(6.96,0.107194037794,0.921149181784));
#1456 = CARTESIAN_POINT('',(6.96,9.826937450524E-02,0.917639774974));
#1457 = CARTESIAN_POINT('',(6.96,8.901696421491E-02,0.914432828225));
#1458 = CARTESIAN_POINT('',(6.96,6.762356037127E-02,0.908046964389));
#1459 = CARTESIAN_POINT('',(6.96,5.540377745077E-02,0.905068595899));
#1460 = CARTESIAN_POINT('',(6.96,4.253681255711E-02,0.902629529668));
#1461 = CARTESIAN_POINT('',(6.96,2.893994360873E-02,0.900849442899));
#1462 = CARTESIAN_POINT('',(6.96,1.46772221458E-02,0.899909046356));
#1463 = CARTESIAN_POINT('',(6.96,0.,0.899909083395));
#1464 = PLANE('',#1465);
#1465 = AXIS2_PLACEMENT_3D('',#1466,#1467,#1468);
#1466 = CARTESIAN_POINT('',(6.96,1.25,1.25));
#1467 = DIRECTION('',(-1.,0.,0.));
#1468 = DIRECTION('',(0.,0.,-1.));
#1469 = ADVANCED_FACE('',(#1470),#1490,.T.);
#1470 = FACE_BOUND('',#1471,.T.);
#1471 = EDGE_LOOP('',(#1472,#1473,#1482,#1489));
#1472 = ORIENTED_EDGE('',*,*,#1293,.F.);
#1473 = ORIENTED_EDGE('',*,*,#1474,.T.);
#1474 = EDGE_CURVE('',#1294,#1475,#1477,.T.);
#1475 = VERTEX_POINT('',#1476);
#1476 = CARTESIAN_POINT('',(7.32,0.,0.35));
#1477 = CIRCLE('',#1478,0.6);
#1478 = AXIS2_PLACEMENT_3D('',#1479,#1480,#1481);
#1479 = CARTESIAN_POINT('',(6.72,1.102182119233E-16,0.35));
#1480 = DIRECTION('',(0.,1.,0.));
#1481 = DIRECTION('',(0.,-0.,1.));
#1482 = ORIENTED_EDGE('',*,*,#1483,.T.);
#1483 = EDGE_CURVE('',#1475,#1475,#1484,.T.);
#1484 = CIRCLE('',#1485,0.3);
#1485 = AXIS2_PLACEMENT_3D('',#1486,#1487,#1488);
#1486 = CARTESIAN_POINT('',(7.62,0.,0.35));
#1487 = DIRECTION('',(3.828568698927E-16,-0.,1.));
#1488 = DIRECTION('',(1.,0.,-3.828568698927E-16));
#1489 = ORIENTED_EDGE('',*,*,#1474,.F.);
#1490 = TOROIDAL_SURFACE('',#1491,0.9,0.3);
#1491 = AXIS2_PLACEMENT_3D('',#1492,#1493,#1494);
#1492 = CARTESIAN_POINT('',(6.72,0.,0.35));
#1493 = DIRECTION('',(0.,1.,0.));
#1494 = DIRECTION('',(0.,-0.,1.));
#1495 = ADVANCED_FACE('',(#1496),#1515,.T.);
#1496 = FACE_BOUND('',#1497,.T.);
#1497 = EDGE_LOOP('',(#1498,#1506,#1513,#1514));
#1498 = ORIENTED_EDGE('',*,*,#1499,.T.);
#1499 = EDGE_CURVE('',#1475,#1500,#1502,.T.);
#1500 = VERTEX_POINT('',#1501);
#1501 = CARTESIAN_POINT('',(7.32,-7.347880794884E-17,-3.));
#1502 = LINE('',#1503,#1504);
#1503 = CARTESIAN_POINT('',(7.32,0.,0.35));
#1504 = VECTOR('',#1505,1.);
#1505 = DIRECTION('',(0.,0.,-1.));
#1506 = ORIENTED_EDGE('',*,*,#1507,.F.);
#1507 = EDGE_CURVE('',#1500,#1500,#1508,.T.);
#1508 = CIRCLE('',#1509,0.3);
#1509 = AXIS2_PLACEMENT_3D('',#1510,#1511,#1512);
#1510 = CARTESIAN_POINT('',(7.62,0.,-3.));
#1511 = DIRECTION('',(0.,0.,-1.));
#1512 = DIRECTION('',(-1.,0.,0.));
#1513 = ORIENTED_EDGE('',*,*,#1499,.F.);
#1514 = ORIENTED_EDGE('',*,*,#1483,.F.);
#1515 = CYLINDRICAL_SURFACE('',#1516,0.3);
#1516 = AXIS2_PLACEMENT_3D('',#1517,#1518,#1519);
#1517 = CARTESIAN_POINT('',(7.62,0.,0.35));
#1518 = DIRECTION('',(0.,0.,-1.));
#1519 = DIRECTION('',(-1.,0.,0.));
#1520 = ADVANCED_FACE('',(#1521),#1524,.F.);
#1521 = FACE_BOUND('',#1522,.T.);
#1522 = EDGE_LOOP('',(#1523));
#1523 = ORIENTED_EDGE('',*,*,#1507,.T.);
#1524 = PLANE('',#1525);
#1525 = AXIS2_PLACEMENT_3D('',#1526,#1527,#1528);
#1526 = CARTESIAN_POINT('',(7.32,0.,-3.));
#1527 = DIRECTION('',(0.,0.,1.));
#1528 = DIRECTION('',(1.,0.,-0.));
#1529 = ( GEOMETRIC_REPRESENTATION_CONTEXT(3) 
GLOBAL_UNCERTAINTY_ASSIGNED_CONTEXT((#1533)) 
GLOBAL_UNIT_ASSIGNED_CONTEXT((#1530,#1531,#1532)) REPRESENTATION_CONTEXT
('Context #1','3D Context with UNIT and UNCERTAINTY') );
#1530 = ( LENGTH_UNIT() NAMED_UNIT(*) SI_UNIT(.MILLI.,.METRE.) );
#1531 = ( NAMED_UNIT(*) PLANE_ANGLE_UNIT() SI_UNIT($,.RADIAN.) );
#1532 = ( NAMED_UNIT(*) SI_UNIT($,.STERADIAN.) SOLID_ANGLE_UNIT() );
#1533 = UNCERTAINTY_MEASURE_WITH_UNIT(LENGTH_MEASURE(1.E-07),#1530,
  'distance_accuracy_value','confusion accuracy');
#1534 = CONTEXT_DEPENDENT_SHAPE_REPRESENTATION(#1535,#1537);
#1535 = ( REPRESENTATION_RELATIONSHIP('','',#865,#10) 
REPRESENTATION_RELATIONSHIP_WITH_TRANSFORMATION(#1536) 
SHAPE_REPRESENTATION_RELATIONSHIP() );
#1536 = ITEM_DEFINED_TRANSFORMATION('','',#11,#35);
#1537 = PRODUCT_DEFINITION_SHAPE('Placement','Placement of an item',
  #1538);
#1538 = NEXT_ASSEMBLY_USAGE_OCCURRENCE('6','R1','',#5,#860,$);
#1539 = PRODUCT_RELATED_PRODUCT_CATEGORY('part',$,(#862));
#1540 = CONTEXT_DEPENDENT_SHAPE_REPRESENTATION(#1541,#1543);
#1541 = ( REPRESENTATION_RELATIONSHIP('','',#865,#10) 
REPRESENTATION_RELATIONSHIP_WITH_TRANSFORMATION(#1542) 
SHAPE_REPRESENTATION_RELATIONSHIP() );
#1542 = ITEM_DEFINED_TRANSFORMATION('','',#11,#39);
#1543 = PRODUCT_DEFINITION_SHAPE('Placement','Placement of an item',
  #1544);
#1544 = NEXT_ASSEMBLY_USAGE_OCCURRENCE('7','R5','',#5,#860,$);
#1545 = CONTEXT_DEPENDENT_SHAPE_REPRESENTATION(#1546,#1548);
#1546 = ( REPRESENTATION_RELATIONSHIP('','',#68,#10) 
REPRESENTATION_RELATIONSHIP_WITH_TRANSFORMATION(#1547) 
SHAPE_REPRESENTATION_RELATIONSHIP() );
#1547 = ITEM_DEFINED_TRANSFORMATION('','',#11,#43);
#1548 = PRODUCT_DEFINITION_SHAPE('Placement','Placement of an item',
  #1549);
#1549 = NEXT_ASSEMBLY_USAGE_OCCURRENCE('8','J8','',#5,#63,$);
#1550 = SHAPE_DEFINITION_REPRESENTATION(#1551,#1557);
#1551 = PRODUCT_DEFINITION_SHAPE('','',#1552);
#1552 = PRODUCT_DEFINITION('design','',#1553,#1556);
#1553 = PRODUCT_DEFINITION_FORMATION('','',#1554);
#1554 = PRODUCT('PinHeader_1x02_P2.54mm_Vertical',
  'PinHeader_1x02_P2.54mm_Vertical','',(#1555));
#1555 = PRODUCT_CONTEXT('',#2,'mechanical');
#1556 = PRODUCT_DEFINITION_CONTEXT('part definition',#2,'design');
#1557 = ADVANCED_BREP_SHAPE_REPRESENTATION('',(#11,#1558),#2990);
#1558 = MANIFOLD_SOLID_BREP('',#1559);
#1559 = CLOSED_SHELL('',(#1560,#1600,#1631,#1662,#1827,#1992,#2009,#2026
    ,#2043,#2060,#2077,#2094,#2111,#2128,#2145,#2162,#2174,#2205,#2229,
    #2253,#2270,#2301,#2325,#2349,#2366,#2397,#2421,#2445,#2462,#2493,
    #2517,#2541,#2558,#2589,#2613,#2637,#2654,#2685,#2709,#2733,#2750,
    #2781,#2805,#2829,#2846,#2877,#2901,#2925,#2942,#2954,#2966,#2978));
#1560 = ADVANCED_FACE('',(#1561),#1595,.F.);
#1561 = FACE_BOUND('',#1562,.F.);
#1562 = EDGE_LOOP('',(#1563,#1573,#1581,#1589));
#1563 = ORIENTED_EDGE('',*,*,#1564,.T.);
#1564 = EDGE_CURVE('',#1565,#1567,#1569,.T.);
#1565 = VERTEX_POINT('',#1566);
#1566 = CARTESIAN_POINT('',(-1.016,1.27,0.));
#1567 = VERTEX_POINT('',#1568);
#1568 = CARTESIAN_POINT('',(-1.016,1.27,2.54));
#1569 = LINE('',#1570,#1571);
#1570 = CARTESIAN_POINT('',(-1.016,1.27,0.));
#1571 = VECTOR('',#1572,1.);
#1572 = DIRECTION('',(0.,0.,1.));
#1573 = ORIENTED_EDGE('',*,*,#1574,.T.);
#1574 = EDGE_CURVE('',#1567,#1575,#1577,.T.);
#1575 = VERTEX_POINT('',#1576);
#1576 = CARTESIAN_POINT('',(-1.27,1.016,2.54));
#1577 = LINE('',#1578,#1579);
#1578 = CARTESIAN_POINT('',(-1.016,1.27,2.54));
#1579 = VECTOR('',#1580,1.);
#1580 = DIRECTION('',(-0.707106781187,-0.707106781187,0.));
#1581 = ORIENTED_EDGE('',*,*,#1582,.F.);
#1582 = EDGE_CURVE('',#1583,#1575,#1585,.T.);
#1583 = VERTEX_POINT('',#1584);
#1584 = CARTESIAN_POINT('',(-1.27,1.016,0.));
#1585 = LINE('',#1586,#1587);
#1586 = CARTESIAN_POINT('',(-1.27,1.016,0.));
#1587 = VECTOR('',#1588,1.);
#1588 = DIRECTION('',(0.,0.,1.));
#1589 = ORIENTED_EDGE('',*,*,#1590,.F.);
#1590 = EDGE_CURVE('',#1565,#1583,#1591,.T.);
#1591 = LINE('',#1592,#1593);
#1592 = CARTESIAN_POINT('',(-1.016,1.27,0.));
#1593 = VECTOR('',#1594,1.);
#1594 = DIRECTION('',(-0.707106781187,-0.707106781187,0.));
#1595 = PLANE('',#1596);
#1596 = AXIS2_PLACEMENT_3D('',#1597,#1598,#1599);
#1597 = CARTESIAN_POINT('',(-1.016,1.27,0.));
#1598 = DIRECTION('',(0.707106781187,-0.707106781187,0.));
#1599 = DIRECTION('',(-0.707106781187,-0.707106781187,0.));
#1600 = ADVANCED_FACE('',(#1601),#1626,.F.);
#1601 = FACE_BOUND('',#1602,.F.);
#1602 = EDGE_LOOP('',(#1603,#1613,#1619,#1620));
#1603 = ORIENTED_EDGE('',*,*,#1604,.T.);
#1604 = EDGE_CURVE('',#1605,#1607,#1609,.T.);
#1605 = VERTEX_POINT('',#1606);
#1606 = CARTESIAN_POINT('',(1.016,1.27,0.));
#1607 = VERTEX_POINT('',#1608);
#1608 = CARTESIAN_POINT('',(1.016,1.27,2.54));
#1609 = LINE('',#1610,#1611);
#1610 = CARTESIAN_POINT('',(1.016,1.27,0.));
#1611 = VECTOR('',#1612,1.);
#1612 = DIRECTION('',(0.,0.,1.));
#1613 = ORIENTED_EDGE('',*,*,#1614,.T.);
#1614 = EDGE_CURVE('',#1607,#1567,#1615,.T.);
#1615 = LINE('',#1616,#1617);
#1616 = CARTESIAN_POINT('',(1.016,1.27,2.54));
#1617 = VECTOR('',#1618,1.);
#1618 = DIRECTION('',(-1.,0.,0.));
#1619 = ORIENTED_EDGE('',*,*,#1564,.F.);
#1620 = ORIENTED_EDGE('',*,*,#1621,.F.);
#1621 = EDGE_CURVE('',#1605,#1565,#1622,.T.);
#1622 = LINE('',#1623,#1624);
#1623 = CARTESIAN_POINT('',(1.016,1.27,0.));
#1624 = VECTOR('',#1625,1.);
#1625 = DIRECTION('',(-1.,0.,0.));
#1626 = PLANE('',#1627);
#1627 = AXIS2_PLACEMENT_3D('',#1628,#1629,#1630);
#1628 = CARTESIAN_POINT('',(1.016,1.27,0.));
#1629 = DIRECTION('',(0.,-1.,0.));
#1630 = DIRECTION('',(-1.,0.,0.));
#1631 = ADVANCED_FACE('',(#1632),#1657,.F.);
#1632 = FACE_BOUND('',#1633,.F.);
#1633 = EDGE_LOOP('',(#1634,#1635,#1643,#1651));
#1634 = ORIENTED_EDGE('',*,*,#1582,.T.);
#1635 = ORIENTED_EDGE('',*,*,#1636,.T.);
#1636 = EDGE_CURVE('',#1575,#1637,#1639,.T.);
#1637 = VERTEX_POINT('',#1638);
#1638 = CARTESIAN_POINT('',(-1.27,-1.016,2.54));
#1639 = LINE('',#1640,#1641);
#1640 = CARTESIAN_POINT('',(-1.27,1.016,2.54));
#1641 = VECTOR('',#1642,1.);
#1642 = DIRECTION('',(0.,-1.,0.));
#1643 = ORIENTED_EDGE('',*,*,#1644,.F.);
#1644 = EDGE_CURVE('',#1645,#1637,#1647,.T.);
#1645 = VERTEX_POINT('',#1646);
#1646 = CARTESIAN_POINT('',(-1.27,-1.016,0.));
#1647 = LINE('',#1648,#1649);
#1648 = CARTESIAN_POINT('',(-1.27,-1.016,0.));
#1649 = VECTOR('',#1650,1.);
#1650 = DIRECTION('',(0.,0.,1.));
#1651 = ORIENTED_EDGE('',*,*,#1652,.F.);
#1652 = EDGE_CURVE('',#1583,#1645,#1653,.T.);
#1653 = LINE('',#1654,#1655);
#1654 = CARTESIAN_POINT('',(-1.27,1.016,0.));
#1655 = VECTOR('',#1656,1.);
#1656 = DIRECTION('',(0.,-1.,0.));
#1657 = PLANE('',#1658);
#1658 = AXIS2_PLACEMENT_3D('',#1659,#1660,#1661);
#1659 = CARTESIAN_POINT('',(-1.27,1.016,0.));
#1660 = DIRECTION('',(1.,0.,0.));
#1661 = DIRECTION('',(0.,-1.,0.));
#1662 = ADVANCED_FACE('',(#1663,#1754,#1788),#1822,.F.);
#1663 = FACE_BOUND('',#1664,.F.);
#1664 = EDGE_LOOP('',(#1665,#1666,#1667,#1675,#1683,#1691,#1699,#1707,
    #1715,#1723,#1731,#1739,#1747,#1753));
#1665 = ORIENTED_EDGE('',*,*,#1590,.T.);
#1666 = ORIENTED_EDGE('',*,*,#1652,.T.);
#1667 = ORIENTED_EDGE('',*,*,#1668,.T.);
#1668 = EDGE_CURVE('',#1645,#1669,#1671,.T.);
#1669 = VERTEX_POINT('',#1670);
#1670 = CARTESIAN_POINT('',(-1.016,-1.27,0.));
#1671 = LINE('',#1672,#1673);
#1672 = CARTESIAN_POINT('',(-1.27,-1.016,0.));
#1673 = VECTOR('',#1674,1.);
#1674 = DIRECTION('',(0.707106781187,-0.707106781187,0.));
#1675 = ORIENTED_EDGE('',*,*,#1676,.T.);
#1676 = EDGE_CURVE('',#1669,#1677,#1679,.T.);
#1677 = VERTEX_POINT('',#1678);
#1678 = CARTESIAN_POINT('',(-1.27,-1.524,0.));
#1679 = LINE('',#1680,#1681);
#1680 = CARTESIAN_POINT('',(-1.016,-1.27,0.));
#1681 = VECTOR('',#1682,1.);
#1682 = DIRECTION('',(-0.707106781187,-0.707106781187,0.));
#1683 = ORIENTED_EDGE('',*,*,#1684,.T.);
#1684 = EDGE_CURVE('',#1677,#1685,#1687,.T.);
#1685 = VERTEX_POINT('',#1686);
#1686 = CARTESIAN_POINT('',(-1.27,-3.556,0.));
#1687 = LINE('',#1688,#1689);
#1688 = CARTESIAN_POINT('',(-1.27,-1.524,0.));
#1689 = VECTOR('',#1690,1.);
#1690 = DIRECTION('',(0.,-1.,0.));
#1691 = ORIENTED_EDGE('',*,*,#1692,.T.);
#1692 = EDGE_CURVE('',#1685,#1693,#1695,.T.);
#1693 = VERTEX_POINT('',#1694);
#1694 = CARTESIAN_POINT('',(-1.016,-3.81,0.));
#1695 = LINE('',#1696,#1697);
#1696 = CARTESIAN_POINT('',(-1.27,-3.556,0.));
#1697 = VECTOR('',#1698,1.);
#1698 = DIRECTION('',(0.707106781187,-0.707106781187,0.));
#1699 = ORIENTED_EDGE('',*,*,#1700,.T.);
#1700 = EDGE_CURVE('',#1693,#1701,#1703,.T.);
#1701 = VERTEX_POINT('',#1702);
#1702 = CARTESIAN_POINT('',(1.016,-3.81,0.));
#1703 = LINE('',#1704,#1705);
#1704 = CARTESIAN_POINT('',(-1.016,-3.81,0.));
#1705 = VECTOR('',#1706,1.);
#1706 = DIRECTION('',(1.,0.,0.));
#1707 = ORIENTED_EDGE('',*,*,#1708,.T.);
#1708 = EDGE_CURVE('',#1701,#1709,#1711,.T.);
#1709 = VERTEX_POINT('',#1710);
#1710 = CARTESIAN_POINT('',(1.27,-3.556,0.));
#1711 = LINE('',#1712,#1713);
#1712 = CARTESIAN_POINT('',(1.016,-3.81,0.));
#1713 = VECTOR('',#1714,1.);
#1714 = DIRECTION('',(0.707106781187,0.707106781187,0.));
#1715 = ORIENTED_EDGE('',*,*,#1716,.T.);
#1716 = EDGE_CURVE('',#1709,#1717,#1719,.T.);
#1717 = VERTEX_POINT('',#1718);
#1718 = CARTESIAN_POINT('',(1.27,-1.524,0.));
#1719 = LINE('',#1720,#1721);
#1720 = CARTESIAN_POINT('',(1.27,-3.556,0.));
#1721 = VECTOR('',#1722,1.);
#1722 = DIRECTION('',(0.,1.,0.));
#1723 = ORIENTED_EDGE('',*,*,#1724,.T.);
#1724 = EDGE_CURVE('',#1717,#1725,#1727,.T.);
#1725 = VERTEX_POINT('',#1726);
#1726 = CARTESIAN_POINT('',(1.016,-1.27,0.));
#1727 = LINE('',#1728,#1729);
#1728 = CARTESIAN_POINT('',(1.27,-1.524,0.));
#1729 = VECTOR('',#1730,1.);
#1730 = DIRECTION('',(-0.707106781187,0.707106781187,0.));
#1731 = ORIENTED_EDGE('',*,*,#1732,.T.);
#1732 = EDGE_CURVE('',#1725,#1733,#1735,.T.);
#1733 = VERTEX_POINT('',#1734);
#1734 = CARTESIAN_POINT('',(1.27,-1.016,0.));
#1735 = LINE('',#1736,#1737);
#1736 = CARTESIAN_POINT('',(1.016,-1.27,0.));
#1737 = VECTOR('',#1738,1.);
#1738 = DIRECTION('',(0.707106781187,0.707106781187,0.));
#1739 = ORIENTED_EDGE('',*,*,#1740,.T.);
#1740 = EDGE_CURVE('',#1733,#1741,#1743,.T.);
#1741 = VERTEX_POINT('',#1742);
#1742 = CARTESIAN_POINT('',(1.27,1.016,0.));
#1743 = LINE('',#1744,#1745);
#1744 = CARTESIAN_POINT('',(1.27,-1.016,0.));
#1745 = VECTOR('',#1746,1.);
#1746 = DIRECTION('',(0.,1.,0.));
#1747 = ORIENTED_EDGE('',*,*,#1748,.T.);
#1748 = EDGE_CURVE('',#1741,#1605,#1749,.T.);
#1749 = LINE('',#1750,#1751);
#1750 = CARTESIAN_POINT('',(1.27,1.016,0.));
#1751 = VECTOR('',#1752,1.);
#1752 = DIRECTION('',(-0.707106781187,0.707106781187,0.));
#1753 = ORIENTED_EDGE('',*,*,#1621,.T.);
#1754 = FACE_BOUND('',#1755,.F.);
#1755 = EDGE_LOOP('',(#1756,#1766,#1774,#1782));
#1756 = ORIENTED_EDGE('',*,*,#1757,.T.);
#1757 = EDGE_CURVE('',#1758,#1760,#1762,.T.);
#1758 = VERTEX_POINT('',#1759);
#1759 = CARTESIAN_POINT('',(0.32,-0.32,0.));
#1760 = VERTEX_POINT('',#1761);
#1761 = CARTESIAN_POINT('',(-0.32,-0.32,0.));
#1762 = LINE('',#1763,#1764);
#1763 = CARTESIAN_POINT('',(-0.16,-0.32,0.));
#1764 = VECTOR('',#1765,1.);
#1765 = DIRECTION('',(-1.,0.,0.));
#1766 = ORIENTED_EDGE('',*,*,#1767,.T.);
#1767 = EDGE_CURVE('',#1760,#1768,#1770,.T.);
#1768 = VERTEX_POINT('',#1769);
#1769 = CARTESIAN_POINT('',(-0.32,0.32,0.));
#1770 = LINE('',#1771,#1772);
#1771 = CARTESIAN_POINT('',(-0.32,-0.795,0.));
#1772 = VECTOR('',#1773,1.);
#1773 = DIRECTION('',(0.,1.,0.));
#1774 = ORIENTED_EDGE('',*,*,#1775,.F.);
#1775 = EDGE_CURVE('',#1776,#1768,#1778,.T.);
#1776 = VERTEX_POINT('',#1777);
#1777 = CARTESIAN_POINT('',(0.32,0.32,0.));
#1778 = LINE('',#1779,#1780);
#1779 = CARTESIAN_POINT('',(-0.16,0.32,0.));
#1780 = VECTOR('',#1781,1.);
#1781 = DIRECTION('',(-1.,0.,0.));
#1782 = ORIENTED_EDGE('',*,*,#1783,.F.);
#1783 = EDGE_CURVE('',#1758,#1776,#1784,.T.);
#1784 = LINE('',#1785,#1786);
#1785 = CARTESIAN_POINT('',(0.32,-0.795,0.));
#1786 = VECTOR('',#1787,1.);
#1787 = DIRECTION('',(0.,1.,0.));
#1788 = FACE_BOUND('',#1789,.F.);
#1789 = EDGE_LOOP('',(#1790,#1800,#1808,#1816));
#1790 = ORIENTED_EDGE('',*,*,#1791,.T.);
#1791 = EDGE_CURVE('',#1792,#1794,#1796,.T.);
#1792 = VERTEX_POINT('',#1793);
#1793 = CARTESIAN_POINT('',(0.32,-2.86,0.));
#1794 = VERTEX_POINT('',#1795);
#1795 = CARTESIAN_POINT('',(-0.32,-2.86,0.));
#1796 = LINE('',#1797,#1798);
#1797 = CARTESIAN_POINT('',(-0.16,-2.86,0.));
#1798 = VECTOR('',#1799,1.);
#1799 = DIRECTION('',(-1.,0.,0.));
#1800 = ORIENTED_EDGE('',*,*,#1801,.T.);
#1801 = EDGE_CURVE('',#1794,#1802,#1804,.T.);
#1802 = VERTEX_POINT('',#1803);
#1803 = CARTESIAN_POINT('',(-0.32,-2.22,0.));
#1804 = LINE('',#1805,#1806);
#1805 = CARTESIAN_POINT('',(-0.32,-2.065,0.));
#1806 = VECTOR('',#1807,1.);
#1807 = DIRECTION('',(0.,1.,0.));
#1808 = ORIENTED_EDGE('',*,*,#1809,.F.);
#1809 = EDGE_CURVE('',#1810,#1802,#1812,.T.);
#1810 = VERTEX_POINT('',#1811);
#1811 = CARTESIAN_POINT('',(0.32,-2.22,0.));
#1812 = LINE('',#1813,#1814);
#1813 = CARTESIAN_POINT('',(-0.16,-2.22,0.));
#1814 = VECTOR('',#1815,1.);
#1815 = DIRECTION('',(-1.,0.,0.));
#1816 = ORIENTED_EDGE('',*,*,#1817,.F.);
#1817 = EDGE_CURVE('',#1792,#1810,#1818,.T.);
#1818 = LINE('',#1819,#1820);
#1819 = CARTESIAN_POINT('',(0.32,-2.065,0.));
#1820 = VECTOR('',#1821,1.);
#1821 = DIRECTION('',(0.,1.,0.));
#1822 = PLANE('',#1823);
#1823 = AXIS2_PLACEMENT_3D('',#1824,#1825,#1826);
#1824 = CARTESIAN_POINT('',(1.473843703412E-17,-1.27,0.));
#1825 = DIRECTION('',(0.,0.,1.));
#1826 = DIRECTION('',(1.,0.,-0.));
#1827 = ADVANCED_FACE('',(#1828,#1919,#1953),#1987,.T.);
#1828 = FACE_BOUND('',#1829,.T.);
#1829 = EDGE_LOOP('',(#1830,#1831,#1832,#1840,#1848,#1856,#1864,#1872,
    #1880,#1888,#1896,#1904,#1912,#1918));
#1830 = ORIENTED_EDGE('',*,*,#1574,.T.);
#1831 = ORIENTED_EDGE('',*,*,#1636,.T.);
#1832 = ORIENTED_EDGE('',*,*,#1833,.T.);
#1833 = EDGE_CURVE('',#1637,#1834,#1836,.T.);
#1834 = VERTEX_POINT('',#1835);
#1835 = CARTESIAN_POINT('',(-1.016,-1.27,2.54));
#1836 = LINE('',#1837,#1838);
#1837 = CARTESIAN_POINT('',(-1.27,-1.016,2.54));
#1838 = VECTOR('',#1839,1.);
#1839 = DIRECTION('',(0.707106781187,-0.707106781187,0.));
#1840 = ORIENTED_EDGE('',*,*,#1841,.T.);
#1841 = EDGE_CURVE('',#1834,#1842,#1844,.T.);
#1842 = VERTEX_POINT('',#1843);
#1843 = CARTESIAN_POINT('',(-1.27,-1.524,2.54));
#1844 = LINE('',#1845,#1846);
#1845 = CARTESIAN_POINT('',(-1.016,-1.27,2.54));
#1846 = VECTOR('',#1847,1.);
#1847 = DIRECTION('',(-0.707106781187,-0.707106781187,0.));
#1848 = ORIENTED_EDGE('',*,*,#1849,.T.);
#1849 = EDGE_CURVE('',#1842,#1850,#1852,.T.);
#1850 = VERTEX_POINT('',#1851);
#1851 = CARTESIAN_POINT('',(-1.27,-3.556,2.54));
#1852 = LINE('',#1853,#1854);
#1853 = CARTESIAN_POINT('',(-1.27,-1.524,2.54));
#1854 = VECTOR('',#1855,1.);
#1855 = DIRECTION('',(0.,-1.,0.));
#1856 = ORIENTED_EDGE('',*,*,#1857,.T.);
#1857 = EDGE_CURVE('',#1850,#1858,#1860,.T.);
#1858 = VERTEX_POINT('',#1859);
#1859 = CARTESIAN_POINT('',(-1.016,-3.81,2.54));
#1860 = LINE('',#1861,#1862);
#1861 = CARTESIAN_POINT('',(-1.27,-3.556,2.54));
#1862 = VECTOR('',#1863,1.);
#1863 = DIRECTION('',(0.707106781187,-0.707106781187,0.));
#1864 = ORIENTED_EDGE('',*,*,#1865,.T.);
#1865 = EDGE_CURVE('',#1858,#1866,#1868,.T.);
#1866 = VERTEX_POINT('',#1867);
#1867 = CARTESIAN_POINT('',(1.016,-3.81,2.54));
#1868 = LINE('',#1869,#1870);
#1869 = CARTESIAN_POINT('',(-1.016,-3.81,2.54));
#1870 = VECTOR('',#1871,1.);
#1871 = DIRECTION('',(1.,0.,0.));
#1872 = ORIENTED_EDGE('',*,*,#1873,.T.);
#1873 = EDGE_CURVE('',#1866,#1874,#1876,.T.);
#1874 = VERTEX_POINT('',#1875);
#1875 = CARTESIAN_POINT('',(1.27,-3.556,2.54));
#1876 = LINE('',#1877,#1878);
#1877 = CARTESIAN_POINT('',(1.016,-3.81,2.54));
#1878 = VECTOR('',#1879,1.);
#1879 = DIRECTION('',(0.707106781187,0.707106781187,0.));
#1880 = ORIENTED_EDGE('',*,*,#1881,.T.);
#1881 = EDGE_CURVE('',#1874,#1882,#1884,.T.);
#1882 = VERTEX_POINT('',#1883);
#1883 = CARTESIAN_POINT('',(1.27,-1.524,2.54));
#1884 = LINE('',#1885,#1886);
#1885 = CARTESIAN_POINT('',(1.27,-3.556,2.54));
#1886 = VECTOR('',#1887,1.);
#1887 = DIRECTION('',(0.,1.,0.));
#1888 = ORIENTED_EDGE('',*,*,#1889,.T.);
#1889 = EDGE_CURVE('',#1882,#1890,#1892,.T.);
#1890 = VERTEX_POINT('',#1891);
#1891 = CARTESIAN_POINT('',(1.016,-1.27,2.54));
#1892 = LINE('',#1893,#1894);
#1893 = CARTESIAN_POINT('',(1.27,-1.524,2.54));
#1894 = VECTOR('',#1895,1.);
#1895 = DIRECTION('',(-0.707106781187,0.707106781187,0.));
#1896 = ORIENTED_EDGE('',*,*,#1897,.T.);
#1897 = EDGE_CURVE('',#1890,#1898,#1900,.T.);
#1898 = VERTEX_POINT('',#1899);
#1899 = CARTESIAN_POINT('',(1.27,-1.016,2.54));
#1900 = LINE('',#1901,#1902);
#1901 = CARTESIAN_POINT('',(1.016,-1.27,2.54));
#1902 = VECTOR('',#1903,1.);
#1903 = DIRECTION('',(0.707106781187,0.707106781187,0.));
#1904 = ORIENTED_EDGE('',*,*,#1905,.T.);
#1905 = EDGE_CURVE('',#1898,#1906,#1908,.T.);
#1906 = VERTEX_POINT('',#1907);
#1907 = CARTESIAN_POINT('',(1.27,1.016,2.54));
#1908 = LINE('',#1909,#1910);
#1909 = CARTESIAN_POINT('',(1.27,-1.016,2.54));
#1910 = VECTOR('',#1911,1.);
#1911 = DIRECTION('',(0.,1.,0.));
#1912 = ORIENTED_EDGE('',*,*,#1913,.T.);
#1913 = EDGE_CURVE('',#1906,#1607,#1914,.T.);
#1914 = LINE('',#1915,#1916);
#1915 = CARTESIAN_POINT('',(1.27,1.016,2.54));
#1916 = VECTOR('',#1917,1.);
#1917 = DIRECTION('',(-0.707106781187,0.707106781187,0.));
#1918 = ORIENTED_EDGE('',*,*,#1614,.T.);
#1919 = FACE_BOUND('',#1920,.T.);
#1920 = EDGE_LOOP('',(#1921,#1931,#1939,#1947));
#1921 = ORIENTED_EDGE('',*,*,#1922,.T.);
#1922 = EDGE_CURVE('',#1923,#1925,#1927,.T.);
#1923 = VERTEX_POINT('',#1924);
#1924 = CARTESIAN_POINT('',(0.32,-0.32,2.54));
#1925 = VERTEX_POINT('',#1926);
#1926 = CARTESIAN_POINT('',(-0.32,-0.32,2.54));
#1927 = LINE('',#1928,#1929);
#1928 = CARTESIAN_POINT('',(-0.16,-0.32,2.54));
#1929 = VECTOR('',#1930,1.);
#1930 = DIRECTION('',(-1.,0.,0.));
#1931 = ORIENTED_EDGE('',*,*,#1932,.T.);
#1932 = EDGE_CURVE('',#1925,#1933,#1935,.T.);
#1933 = VERTEX_POINT('',#1934);
#1934 = CARTESIAN_POINT('',(-0.32,0.32,2.54));
#1935 = LINE('',#1936,#1937);
#1936 = CARTESIAN_POINT('',(-0.32,-0.795,2.54));
#1937 = VECTOR('',#1938,1.);
#1938 = DIRECTION('',(0.,1.,0.));
#1939 = ORIENTED_EDGE('',*,*,#1940,.F.);
#1940 = EDGE_CURVE('',#1941,#1933,#1943,.T.);
#1941 = VERTEX_POINT('',#1942);
#1942 = CARTESIAN_POINT('',(0.32,0.32,2.54));
#1943 = LINE('',#1944,#1945);
#1944 = CARTESIAN_POINT('',(-0.16,0.32,2.54));
#1945 = VECTOR('',#1946,1.);
#1946 = DIRECTION('',(-1.,0.,0.));
#1947 = ORIENTED_EDGE('',*,*,#1948,.F.);
#1948 = EDGE_CURVE('',#1923,#1941,#1949,.T.);
#1949 = LINE('',#1950,#1951);
#1950 = CARTESIAN_POINT('',(0.32,-0.795,2.54));
#1951 = VECTOR('',#1952,1.);
#1952 = DIRECTION('',(0.,1.,0.));
#1953 = FACE_BOUND('',#1954,.T.);
#1954 = EDGE_LOOP('',(#1955,#1965,#1973,#1981));
#1955 = ORIENTED_EDGE('',*,*,#1956,.T.);
#1956 = EDGE_CURVE('',#1957,#1959,#1961,.T.);
#1957 = VERTEX_POINT('',#1958);
#1958 = CARTESIAN_POINT('',(0.32,-2.86,2.54));
#1959 = VERTEX_POINT('',#1960);
#1960 = CARTESIAN_POINT('',(-0.32,-2.86,2.54));
#1961 = LINE('',#1962,#1963);
#1962 = CARTESIAN_POINT('',(-0.16,-2.86,2.54));
#1963 = VECTOR('',#1964,1.);
#1964 = DIRECTION('',(-1.,0.,0.));
#1965 = ORIENTED_EDGE('',*,*,#1966,.T.);
#1966 = EDGE_CURVE('',#1959,#1967,#1969,.T.);
#1967 = VERTEX_POINT('',#1968);
#1968 = CARTESIAN_POINT('',(-0.32,-2.22,2.54));
#1969 = LINE('',#1970,#1971);
#1970 = CARTESIAN_POINT('',(-0.32,-2.065,2.54));
#1971 = VECTOR('',#1972,1.);
#1972 = DIRECTION('',(0.,1.,0.));
#1973 = ORIENTED_EDGE('',*,*,#1974,.F.);
#1974 = EDGE_CURVE('',#1975,#1967,#1977,.T.);
#1975 = VERTEX_POINT('',#1976);
#1976 = CARTESIAN_POINT('',(0.32,-2.22,2.54));
#1977 = LINE('',#1978,#1979);
#1978 = CARTESIAN_POINT('',(-0.16,-2.22,2.54));
#1979 = VECTOR('',#1980,1.);
#1980 = DIRECTION('',(-1.,0.,0.));
#1981 = ORIENTED_EDGE('',*,*,#1982,.F.);
#1982 = EDGE_CURVE('',#1957,#1975,#1983,.T.);
#1983 = LINE('',#1984,#1985);
#1984 = CARTESIAN_POINT('',(0.32,-2.065,2.54));
#1985 = VECTOR('',#1986,1.);
#1986 = DIRECTION('',(0.,1.,0.));
#1987 = PLANE('',#1988);
#1988 = AXIS2_PLACEMENT_3D('',#1989,#1990,#1991);
#1989 = CARTESIAN_POINT('',(1.473843703412E-17,-1.27,2.54));
#1990 = DIRECTION('',(0.,0.,1.));
#1991 = DIRECTION('',(1.,0.,-0.));
#1992 = ADVANCED_FACE('',(#1993),#2004,.F.);
#1993 = FACE_BOUND('',#1994,.F.);
#1994 = EDGE_LOOP('',(#1995,#2001,#2002,#2003));
#1995 = ORIENTED_EDGE('',*,*,#1996,.T.);
#1996 = EDGE_CURVE('',#1741,#1906,#1997,.T.);
#1997 = LINE('',#1998,#1999);
#1998 = CARTESIAN_POINT('',(1.27,1.016,0.));
#1999 = VECTOR('',#2000,1.);
#2000 = DIRECTION('',(0.,0.,1.));
#2001 = ORIENTED_EDGE('',*,*,#1913,.T.);
#2002 = ORIENTED_EDGE('',*,*,#1604,.F.);
#2003 = ORIENTED_EDGE('',*,*,#1748,.F.);
#2004 = PLANE('',#2005);
#2005 = AXIS2_PLACEMENT_3D('',#2006,#2007,#2008);
#2006 = CARTESIAN_POINT('',(1.27,1.016,0.));
#2007 = DIRECTION('',(-0.707106781187,-0.707106781187,0.));
#2008 = DIRECTION('',(-0.707106781187,0.707106781187,0.));
#2009 = ADVANCED_FACE('',(#2010),#2021,.F.);
#2010 = FACE_BOUND('',#2011,.F.);
#2011 = EDGE_LOOP('',(#2012,#2013,#2014,#2020));
#2012 = ORIENTED_EDGE('',*,*,#1644,.T.);
#2013 = ORIENTED_EDGE('',*,*,#1833,.T.);
#2014 = ORIENTED_EDGE('',*,*,#2015,.F.);
#2015 = EDGE_CURVE('',#1669,#1834,#2016,.T.);
#2016 = LINE('',#2017,#2018);
#2017 = CARTESIAN_POINT('',(-1.016,-1.27,0.));
#2018 = VECTOR('',#2019,1.);
#2019 = DIRECTION('',(0.,0.,1.));
#2020 = ORIENTED_EDGE('',*,*,#1668,.F.);
#2021 = PLANE('',#2022);
#2022 = AXIS2_PLACEMENT_3D('',#2023,#2024,#2025);
#2023 = CARTESIAN_POINT('',(-1.27,-1.016,0.));
#2024 = DIRECTION('',(0.707106781187,0.707106781187,0.));
#2025 = DIRECTION('',(0.707106781187,-0.707106781187,0.));
#2026 = ADVANCED_FACE('',(#2027),#2038,.F.);
#2027 = FACE_BOUND('',#2028,.F.);
#2028 = EDGE_LOOP('',(#2029,#2035,#2036,#2037));
#2029 = ORIENTED_EDGE('',*,*,#2030,.T.);
#2030 = EDGE_CURVE('',#1733,#1898,#2031,.T.);
#2031 = LINE('',#2032,#2033);
#2032 = CARTESIAN_POINT('',(1.27,-1.016,0.));
#2033 = VECTOR('',#2034,1.);
#2034 = DIRECTION('',(0.,0.,1.));
#2035 = ORIENTED_EDGE('',*,*,#1905,.T.);
#2036 = ORIENTED_EDGE('',*,*,#1996,.F.);
#2037 = ORIENTED_EDGE('',*,*,#1740,.F.);
#2038 = PLANE('',#2039);
#2039 = AXIS2_PLACEMENT_3D('',#2040,#2041,#2042);
#2040 = CARTESIAN_POINT('',(1.27,-1.016,0.));
#2041 = DIRECTION('',(-1.,0.,0.));
#2042 = DIRECTION('',(0.,1.,0.));
#2043 = ADVANCED_FACE('',(#2044),#2055,.F.);
#2044 = FACE_BOUND('',#2045,.F.);
#2045 = EDGE_LOOP('',(#2046,#2047,#2048,#2054));
#2046 = ORIENTED_EDGE('',*,*,#2015,.T.);
#2047 = ORIENTED_EDGE('',*,*,#1841,.T.);
#2048 = ORIENTED_EDGE('',*,*,#2049,.F.);
#2049 = EDGE_CURVE('',#1677,#1842,#2050,.T.);
#2050 = LINE('',#2051,#2052);
#2051 = CARTESIAN_POINT('',(-1.27,-1.524,0.));
#2052 = VECTOR('',#2053,1.);
#2053 = DIRECTION('',(0.,0.,1.));
#2054 = ORIENTED_EDGE('',*,*,#1676,.F.);
#2055 = PLANE('',#2056);
#2056 = AXIS2_PLACEMENT_3D('',#2057,#2058,#2059);
#2057 = CARTESIAN_POINT('',(-1.016,-1.27,0.));
#2058 = DIRECTION('',(0.707106781187,-0.707106781187,0.));
#2059 = DIRECTION('',(-0.707106781187,-0.707106781187,0.));
#2060 = ADVANCED_FACE('',(#2061),#2072,.F.);
#2061 = FACE_BOUND('',#2062,.F.);
#2062 = EDGE_LOOP('',(#2063,#2069,#2070,#2071));
#2063 = ORIENTED_EDGE('',*,*,#2064,.T.);
#2064 = EDGE_CURVE('',#1725,#1890,#2065,.T.);
#2065 = LINE('',#2066,#2067);
#2066 = CARTESIAN_POINT('',(1.016,-1.27,0.));
#2067 = VECTOR('',#2068,1.);
#2068 = DIRECTION('',(0.,0.,1.));
#2069 = ORIENTED_EDGE('',*,*,#1897,.T.);
#2070 = ORIENTED_EDGE('',*,*,#2030,.F.);
#2071 = ORIENTED_EDGE('',*,*,#1732,.F.);
#2072 = PLANE('',#2073);
#2073 = AXIS2_PLACEMENT_3D('',#2074,#2075,#2076);
#2074 = CARTESIAN_POINT('',(1.016,-1.27,0.));
#2075 = DIRECTION('',(-0.707106781187,0.707106781187,0.));
#2076 = DIRECTION('',(0.707106781187,0.707106781187,0.));
#2077 = ADVANCED_FACE('',(#2078),#2089,.F.);
#2078 = FACE_BOUND('',#2079,.F.);
#2079 = EDGE_LOOP('',(#2080,#2081,#2082,#2088));
#2080 = ORIENTED_EDGE('',*,*,#2049,.T.);
#2081 = ORIENTED_EDGE('',*,*,#1849,.T.);
#2082 = ORIENTED_EDGE('',*,*,#2083,.F.);
#2083 = EDGE_CURVE('',#1685,#1850,#2084,.T.);
#2084 = LINE('',#2085,#2086);
#2085 = CARTESIAN_POINT('',(-1.27,-3.556,0.));
#2086 = VECTOR('',#2087,1.);
#2087 = DIRECTION('',(0.,0.,1.));
#2088 = ORIENTED_EDGE('',*,*,#1684,.F.);
#2089 = PLANE('',#2090);
#2090 = AXIS2_PLACEMENT_3D('',#2091,#2092,#2093);
#2091 = CARTESIAN_POINT('',(-1.27,-1.524,0.));
#2092 = DIRECTION('',(1.,0.,0.));
#2093 = DIRECTION('',(0.,-1.,0.));
#2094 = ADVANCED_FACE('',(#2095),#2106,.F.);
#2095 = FACE_BOUND('',#2096,.F.);
#2096 = EDGE_LOOP('',(#2097,#2103,#2104,#2105));
#2097 = ORIENTED_EDGE('',*,*,#2098,.T.);
#2098 = EDGE_CURVE('',#1717,#1882,#2099,.T.);
#2099 = LINE('',#2100,#2101);
#2100 = CARTESIAN_POINT('',(1.27,-1.524,0.));
#2101 = VECTOR('',#2102,1.);
#2102 = DIRECTION('',(0.,0.,1.));
#2103 = ORIENTED_EDGE('',*,*,#1889,.T.);
#2104 = ORIENTED_EDGE('',*,*,#2064,.F.);
#2105 = ORIENTED_EDGE('',*,*,#1724,.F.);
#2106 = PLANE('',#2107);
#2107 = AXIS2_PLACEMENT_3D('',#2108,#2109,#2110);
#2108 = CARTESIAN_POINT('',(1.27,-1.524,0.));
#2109 = DIRECTION('',(-0.707106781187,-0.707106781187,0.));
#2110 = DIRECTION('',(-0.707106781187,0.707106781187,0.));
#2111 = ADVANCED_FACE('',(#2112),#2123,.F.);
#2112 = FACE_BOUND('',#2113,.F.);
#2113 = EDGE_LOOP('',(#2114,#2115,#2116,#2122));
#2114 = ORIENTED_EDGE('',*,*,#2083,.T.);
#2115 = ORIENTED_EDGE('',*,*,#1857,.T.);
#2116 = ORIENTED_EDGE('',*,*,#2117,.F.);
#2117 = EDGE_CURVE('',#1693,#1858,#2118,.T.);
#2118 = LINE('',#2119,#2120);
#2119 = CARTESIAN_POINT('',(-1.016,-3.81,0.));
#2120 = VECTOR('',#2121,1.);
#2121 = DIRECTION('',(0.,0.,1.));
#2122 = ORIENTED_EDGE('',*,*,#1692,.F.);
#2123 = PLANE('',#2124);
#2124 = AXIS2_PLACEMENT_3D('',#2125,#2126,#2127);
#2125 = CARTESIAN_POINT('',(-1.27,-3.556,0.));
#2126 = DIRECTION('',(0.707106781187,0.707106781187,0.));
#2127 = DIRECTION('',(0.707106781187,-0.707106781187,0.));
#2128 = ADVANCED_FACE('',(#2129),#2140,.F.);
#2129 = FACE_BOUND('',#2130,.F.);
#2130 = EDGE_LOOP('',(#2131,#2137,#2138,#2139));
#2131 = ORIENTED_EDGE('',*,*,#2132,.T.);
#2132 = EDGE_CURVE('',#1709,#1874,#2133,.T.);
#2133 = LINE('',#2134,#2135);
#2134 = CARTESIAN_POINT('',(1.27,-3.556,0.));
#2135 = VECTOR('',#2136,1.);
#2136 = DIRECTION('',(0.,0.,1.));
#2137 = ORIENTED_EDGE('',*,*,#1881,.T.);
#2138 = ORIENTED_EDGE('',*,*,#2098,.F.);
#2139 = ORIENTED_EDGE('',*,*,#1716,.F.);
#2140 = PLANE('',#2141);
#2141 = AXIS2_PLACEMENT_3D('',#2142,#2143,#2144);
#2142 = CARTESIAN_POINT('',(1.27,-3.556,0.));
#2143 = DIRECTION('',(-1.,0.,0.));
#2144 = DIRECTION('',(0.,1.,0.));
#2145 = ADVANCED_FACE('',(#2146),#2157,.F.);
#2146 = FACE_BOUND('',#2147,.F.);
#2147 = EDGE_LOOP('',(#2148,#2149,#2150,#2156));
#2148 = ORIENTED_EDGE('',*,*,#2117,.T.);
#2149 = ORIENTED_EDGE('',*,*,#1865,.T.);
#2150 = ORIENTED_EDGE('',*,*,#2151,.F.);
#2151 = EDGE_CURVE('',#1701,#1866,#2152,.T.);
#2152 = LINE('',#2153,#2154);
#2153 = CARTESIAN_POINT('',(1.016,-3.81,0.));
#2154 = VECTOR('',#2155,1.);
#2155 = DIRECTION('',(0.,0.,1.));
#2156 = ORIENTED_EDGE('',*,*,#1700,.F.);
#2157 = PLANE('',#2158);
#2158 = AXIS2_PLACEMENT_3D('',#2159,#2160,#2161);
#2159 = CARTESIAN_POINT('',(-1.016,-3.81,0.));
#2160 = DIRECTION('',(0.,1.,0.));
#2161 = DIRECTION('',(1.,0.,0.));
#2162 = ADVANCED_FACE('',(#2163),#2169,.F.);
#2163 = FACE_BOUND('',#2164,.F.);
#2164 = EDGE_LOOP('',(#2165,#2166,#2167,#2168));
#2165 = ORIENTED_EDGE('',*,*,#2151,.T.);
#2166 = ORIENTED_EDGE('',*,*,#1873,.T.);
#2167 = ORIENTED_EDGE('',*,*,#2132,.F.);
#2168 = ORIENTED_EDGE('',*,*,#1708,.F.);
#2169 = PLANE('',#2170);
#2170 = AXIS2_PLACEMENT_3D('',#2171,#2172,#2173);
#2171 = CARTESIAN_POINT('',(1.016,-3.81,0.));
#2172 = DIRECTION('',(-0.707106781187,0.707106781187,0.));
#2173 = DIRECTION('',(0.707106781187,0.707106781187,0.));
#2174 = ADVANCED_FACE('',(#2175),#2200,.F.);
#2175 = FACE_BOUND('',#2176,.F.);
#2176 = EDGE_LOOP('',(#2177,#2185,#2193,#2199));
#2177 = ORIENTED_EDGE('',*,*,#2178,.F.);
#2178 = EDGE_CURVE('',#2179,#1758,#2181,.T.);
#2179 = VERTEX_POINT('',#2180);
#2180 = CARTESIAN_POINT('',(0.32,-0.32,-2.84));
#2181 = LINE('',#2182,#2183);
#2182 = CARTESIAN_POINT('',(0.32,-0.32,-3.));
#2183 = VECTOR('',#2184,1.);
#2184 = DIRECTION('',(0.,0.,1.));
#2185 = ORIENTED_EDGE('',*,*,#2186,.F.);
#2186 = EDGE_CURVE('',#2187,#2179,#2189,.T.);
#2187 = VERTEX_POINT('',#2188);
#2188 = CARTESIAN_POINT('',(-0.32,-0.32,-2.84));
#2189 = LINE('',#2190,#2191);
#2190 = CARTESIAN_POINT('',(-0.32,-0.32,-2.84));
#2191 = VECTOR('',#2192,1.);
#2192 = DIRECTION('',(1.,0.,0.));
#2193 = ORIENTED_EDGE('',*,*,#2194,.T.);
#2194 = EDGE_CURVE('',#2187,#1760,#2195,.T.);
#2195 = LINE('',#2196,#2197);
#2196 = CARTESIAN_POINT('',(-0.32,-0.32,-3.));
#2197 = VECTOR('',#2198,1.);
#2198 = DIRECTION('',(0.,0.,1.));
#2199 = ORIENTED_EDGE('',*,*,#1757,.F.);
#2200 = PLANE('',#2201);
#2201 = AXIS2_PLACEMENT_3D('',#2202,#2203,#2204);
#2202 = CARTESIAN_POINT('',(-0.32,-0.32,-3.));
#2203 = DIRECTION('',(0.,1.,0.));
#2204 = DIRECTION('',(0.,-0.,1.));
#2205 = ADVANCED_FACE('',(#2206),#2224,.T.);
#2206 = FACE_BOUND('',#2207,.T.);
#2207 = EDGE_LOOP('',(#2208,#2209,#2217,#2223));
#2208 = ORIENTED_EDGE('',*,*,#2178,.F.);
#2209 = ORIENTED_EDGE('',*,*,#2210,.T.);
#2210 = EDGE_CURVE('',#2179,#2211,#2213,.T.);
#2211 = VERTEX_POINT('',#2212);
#2212 = CARTESIAN_POINT('',(0.32,0.32,-2.84));
#2213 = LINE('',#2214,#2215);
#2214 = CARTESIAN_POINT('',(0.32,-0.32,-2.84));
#2215 = VECTOR('',#2216,1.);
#2216 = DIRECTION('',(0.,1.,0.));
#2217 = ORIENTED_EDGE('',*,*,#2218,.T.);
#2218 = EDGE_CURVE('',#2211,#1776,#2219,.T.);
#2219 = LINE('',#2220,#2221);
#2220 = CARTESIAN_POINT('',(0.32,0.32,-3.));
#2221 = VECTOR('',#2222,1.);
#2222 = DIRECTION('',(0.,0.,1.));
#2223 = ORIENTED_EDGE('',*,*,#1783,.F.);
#2224 = PLANE('',#2225);
#2225 = AXIS2_PLACEMENT_3D('',#2226,#2227,#2228);
#2226 = CARTESIAN_POINT('',(0.32,-0.32,-3.));
#2227 = DIRECTION('',(1.,0.,0.));
#2228 = DIRECTION('',(0.,0.,1.));
#2229 = ADVANCED_FACE('',(#2230),#2248,.T.);
#2230 = FACE_BOUND('',#2231,.T.);
#2231 = EDGE_LOOP('',(#2232,#2233,#2241,#2247));
#2232 = ORIENTED_EDGE('',*,*,#2218,.F.);
#2233 = ORIENTED_EDGE('',*,*,#2234,.F.);
#2234 = EDGE_CURVE('',#2235,#2211,#2237,.T.);
#2235 = VERTEX_POINT('',#2236);
#2236 = CARTESIAN_POINT('',(-0.32,0.32,-2.84));
#2237 = LINE('',#2238,#2239);
#2238 = CARTESIAN_POINT('',(-0.32,0.32,-2.84));
#2239 = VECTOR('',#2240,1.);
#2240 = DIRECTION('',(1.,0.,0.));
#2241 = ORIENTED_EDGE('',*,*,#2242,.T.);
#2242 = EDGE_CURVE('',#2235,#1768,#2243,.T.);
#2243 = LINE('',#2244,#2245);
#2244 = CARTESIAN_POINT('',(-0.32,0.32,-3.));
#2245 = VECTOR('',#2246,1.);
#2246 = DIRECTION('',(0.,0.,1.));
#2247 = ORIENTED_EDGE('',*,*,#1775,.F.);
#2248 = PLANE('',#2249);
#2249 = AXIS2_PLACEMENT_3D('',#2250,#2251,#2252);
#2250 = CARTESIAN_POINT('',(-0.32,0.32,-3.));
#2251 = DIRECTION('',(0.,1.,0.));
#2252 = DIRECTION('',(0.,-0.,1.));
#2253 = ADVANCED_FACE('',(#2254),#2265,.F.);
#2254 = FACE_BOUND('',#2255,.F.);
#2255 = EDGE_LOOP('',(#2256,#2257,#2263,#2264));
#2256 = ORIENTED_EDGE('',*,*,#2194,.F.);
#2257 = ORIENTED_EDGE('',*,*,#2258,.T.);
#2258 = EDGE_CURVE('',#2187,#2235,#2259,.T.);
#2259 = LINE('',#2260,#2261);
#2260 = CARTESIAN_POINT('',(-0.32,-0.32,-2.84));
#2261 = VECTOR('',#2262,1.);
#2262 = DIRECTION('',(0.,1.,0.));
#2263 = ORIENTED_EDGE('',*,*,#2242,.T.);
#2264 = ORIENTED_EDGE('',*,*,#1767,.F.);
#2265 = PLANE('',#2266);
#2266 = AXIS2_PLACEMENT_3D('',#2267,#2268,#2269);
#2267 = CARTESIAN_POINT('',(-0.32,-0.32,-3.));
#2268 = DIRECTION('',(1.,0.,0.));
#2269 = DIRECTION('',(0.,0.,1.));
#2270 = ADVANCED_FACE('',(#2271),#2296,.F.);
#2271 = FACE_BOUND('',#2272,.F.);
#2272 = EDGE_LOOP('',(#2273,#2281,#2289,#2295));
#2273 = ORIENTED_EDGE('',*,*,#2274,.F.);
#2274 = EDGE_CURVE('',#2275,#1792,#2277,.T.);
#2275 = VERTEX_POINT('',#2276);
#2276 = CARTESIAN_POINT('',(0.32,-2.86,-2.84));
#2277 = LINE('',#2278,#2279);
#2278 = CARTESIAN_POINT('',(0.32,-2.86,-3.));
#2279 = VECTOR('',#2280,1.);
#2280 = DIRECTION('',(0.,0.,1.));
#2281 = ORIENTED_EDGE('',*,*,#2282,.F.);
#2282 = EDGE_CURVE('',#2283,#2275,#2285,.T.);
#2283 = VERTEX_POINT('',#2284);
#2284 = CARTESIAN_POINT('',(-0.32,-2.86,-2.84));
#2285 = LINE('',#2286,#2287);
#2286 = CARTESIAN_POINT('',(-0.32,-2.86,-2.84));
#2287 = VECTOR('',#2288,1.);
#2288 = DIRECTION('',(1.,0.,0.));
#2289 = ORIENTED_EDGE('',*,*,#2290,.T.);
#2290 = EDGE_CURVE('',#2283,#1794,#2291,.T.);
#2291 = LINE('',#2292,#2293);
#2292 = CARTESIAN_POINT('',(-0.32,-2.86,-3.));
#2293 = VECTOR('',#2294,1.);
#2294 = DIRECTION('',(0.,0.,1.));
#2295 = ORIENTED_EDGE('',*,*,#1791,.F.);
#2296 = PLANE('',#2297);
#2297 = AXIS2_PLACEMENT_3D('',#2298,#2299,#2300);
#2298 = CARTESIAN_POINT('',(-0.32,-2.86,-3.));
#2299 = DIRECTION('',(0.,1.,0.));
#2300 = DIRECTION('',(0.,-0.,1.));
#2301 = ADVANCED_FACE('',(#2302),#2320,.T.);
#2302 = FACE_BOUND('',#2303,.T.);
#2303 = EDGE_LOOP('',(#2304,#2305,#2313,#2319));
#2304 = ORIENTED_EDGE('',*,*,#2274,.F.);
#2305 = ORIENTED_EDGE('',*,*,#2306,.T.);
#2306 = EDGE_CURVE('',#2275,#2307,#2309,.T.);
#2307 = VERTEX_POINT('',#2308);
#2308 = CARTESIAN_POINT('',(0.32,-2.22,-2.84));
#2309 = LINE('',#2310,#2311);
#2310 = CARTESIAN_POINT('',(0.32,-2.86,-2.84));
#2311 = VECTOR('',#2312,1.);
#2312 = DIRECTION('',(0.,1.,0.));
#2313 = ORIENTED_EDGE('',*,*,#2314,.T.);
#2314 = EDGE_CURVE('',#2307,#1810,#2315,.T.);
#2315 = LINE('',#2316,#2317);
#2316 = CARTESIAN_POINT('',(0.32,-2.22,-3.));
#2317 = VECTOR('',#2318,1.);
#2318 = DIRECTION('',(0.,0.,1.));
#2319 = ORIENTED_EDGE('',*,*,#1817,.F.);
#2320 = PLANE('',#2321);
#2321 = AXIS2_PLACEMENT_3D('',#2322,#2323,#2324);
#2322 = CARTESIAN_POINT('',(0.32,-2.86,-3.));
#2323 = DIRECTION('',(1.,0.,0.));
#2324 = DIRECTION('',(0.,0.,1.));
#2325 = ADVANCED_FACE('',(#2326),#2344,.T.);
#2326 = FACE_BOUND('',#2327,.T.);
#2327 = EDGE_LOOP('',(#2328,#2329,#2337,#2343));
#2328 = ORIENTED_EDGE('',*,*,#2314,.F.);
#2329 = ORIENTED_EDGE('',*,*,#2330,.F.);
#2330 = EDGE_CURVE('',#2331,#2307,#2333,.T.);
#2331 = VERTEX_POINT('',#2332);
#2332 = CARTESIAN_POINT('',(-0.32,-2.22,-2.84));
#2333 = LINE('',#2334,#2335);
#2334 = CARTESIAN_POINT('',(-0.32,-2.22,-2.84));
#2335 = VECTOR('',#2336,1.);
#2336 = DIRECTION('',(1.,0.,0.));
#2337 = ORIENTED_EDGE('',*,*,#2338,.T.);
#2338 = EDGE_CURVE('',#2331,#1802,#2339,.T.);
#2339 = LINE('',#2340,#2341);
#2340 = CARTESIAN_POINT('',(-0.32,-2.22,-3.));
#2341 = VECTOR('',#2342,1.);
#2342 = DIRECTION('',(0.,0.,1.));
#2343 = ORIENTED_EDGE('',*,*,#1809,.F.);
#2344 = PLANE('',#2345);
#2345 = AXIS2_PLACEMENT_3D('',#2346,#2347,#2348);
#2346 = CARTESIAN_POINT('',(-0.32,-2.22,-3.));
#2347 = DIRECTION('',(0.,1.,0.));
#2348 = DIRECTION('',(0.,-0.,1.));
#2349 = ADVANCED_FACE('',(#2350),#2361,.F.);
#2350 = FACE_BOUND('',#2351,.F.);
#2351 = EDGE_LOOP('',(#2352,#2353,#2359,#2360));
#2352 = ORIENTED_EDGE('',*,*,#2290,.F.);
#2353 = ORIENTED_EDGE('',*,*,#2354,.T.);
#2354 = EDGE_CURVE('',#2283,#2331,#2355,.T.);
#2355 = LINE('',#2356,#2357);
#2356 = CARTESIAN_POINT('',(-0.32,-2.86,-2.84));
#2357 = VECTOR('',#2358,1.);
#2358 = DIRECTION('',(0.,1.,0.));
#2359 = ORIENTED_EDGE('',*,*,#2338,.T.);
#2360 = ORIENTED_EDGE('',*,*,#1801,.F.);
#2361 = PLANE('',#2362);
#2362 = AXIS2_PLACEMENT_3D('',#2363,#2364,#2365);
#2363 = CARTESIAN_POINT('',(-0.32,-2.86,-3.));
#2364 = DIRECTION('',(1.,0.,0.));
#2365 = DIRECTION('',(0.,0.,1.));
#2366 = ADVANCED_FACE('',(#2367),#2392,.F.);
#2367 = FACE_BOUND('',#2368,.F.);
#2368 = EDGE_LOOP('',(#2369,#2377,#2378,#2386));
#2369 = ORIENTED_EDGE('',*,*,#2370,.F.);
#2370 = EDGE_CURVE('',#1923,#2371,#2373,.T.);
#2371 = VERTEX_POINT('',#2372);
#2372 = CARTESIAN_POINT('',(0.32,-0.32,8.38));
#2373 = LINE('',#2374,#2375);
#2374 = CARTESIAN_POINT('',(0.32,-0.32,-3.));
#2375 = VECTOR('',#2376,1.);
#2376 = DIRECTION('',(0.,0.,1.));
#2377 = ORIENTED_EDGE('',*,*,#1922,.T.);
#2378 = ORIENTED_EDGE('',*,*,#2379,.T.);
#2379 = EDGE_CURVE('',#1925,#2380,#2382,.T.);
#2380 = VERTEX_POINT('',#2381);
#2381 = CARTESIAN_POINT('',(-0.32,-0.32,8.38));
#2382 = LINE('',#2383,#2384);
#2383 = CARTESIAN_POINT('',(-0.32,-0.32,-3.));
#2384 = VECTOR('',#2385,1.);
#2385 = DIRECTION('',(0.,0.,1.));
#2386 = ORIENTED_EDGE('',*,*,#2387,.T.);
#2387 = EDGE_CURVE('',#2380,#2371,#2388,.T.);
#2388 = LINE('',#2389,#2390);
#2389 = CARTESIAN_POINT('',(-0.32,-0.32,8.38));
#2390 = VECTOR('',#2391,1.);
#2391 = DIRECTION('',(1.,0.,0.));
#2392 = PLANE('',#2393);
#2393 = AXIS2_PLACEMENT_3D('',#2394,#2395,#2396);
#2394 = CARTESIAN_POINT('',(-0.32,-0.32,-3.));
#2395 = DIRECTION('',(0.,1.,0.));
#2396 = DIRECTION('',(0.,-0.,1.));
#2397 = ADVANCED_FACE('',(#2398),#2416,.T.);
#2398 = FACE_BOUND('',#2399,.T.);
#2399 = EDGE_LOOP('',(#2400,#2401,#2402,#2410));
#2400 = ORIENTED_EDGE('',*,*,#2370,.F.);
#2401 = ORIENTED_EDGE('',*,*,#1948,.T.);
#2402 = ORIENTED_EDGE('',*,*,#2403,.T.);
#2403 = EDGE_CURVE('',#1941,#2404,#2406,.T.);
#2404 = VERTEX_POINT('',#2405);
#2405 = CARTESIAN_POINT('',(0.32,0.32,8.38));
#2406 = LINE('',#2407,#2408);
#2407 = CARTESIAN_POINT('',(0.32,0.32,-3.));
#2408 = VECTOR('',#2409,1.);
#2409 = DIRECTION('',(0.,0.,1.));
#2410 = ORIENTED_EDGE('',*,*,#2411,.F.);
#2411 = EDGE_CURVE('',#2371,#2404,#2412,.T.);
#2412 = LINE('',#2413,#2414);
#2413 = CARTESIAN_POINT('',(0.32,-0.32,8.38));
#2414 = VECTOR('',#2415,1.);
#2415 = DIRECTION('',(0.,1.,0.));
#2416 = PLANE('',#2417);
#2417 = AXIS2_PLACEMENT_3D('',#2418,#2419,#2420);
#2418 = CARTESIAN_POINT('',(0.32,-0.32,-3.));
#2419 = DIRECTION('',(1.,0.,0.));
#2420 = DIRECTION('',(0.,0.,1.));
#2421 = ADVANCED_FACE('',(#2422),#2440,.T.);
#2422 = FACE_BOUND('',#2423,.T.);
#2423 = EDGE_LOOP('',(#2424,#2425,#2426,#2434));
#2424 = ORIENTED_EDGE('',*,*,#2403,.F.);
#2425 = ORIENTED_EDGE('',*,*,#1940,.T.);
#2426 = ORIENTED_EDGE('',*,*,#2427,.T.);
#2427 = EDGE_CURVE('',#1933,#2428,#2430,.T.);
#2428 = VERTEX_POINT('',#2429);
#2429 = CARTESIAN_POINT('',(-0.32,0.32,8.38));
#2430 = LINE('',#2431,#2432);
#2431 = CARTESIAN_POINT('',(-0.32,0.32,-3.));
#2432 = VECTOR('',#2433,1.);
#2433 = DIRECTION('',(0.,0.,1.));
#2434 = ORIENTED_EDGE('',*,*,#2435,.T.);
#2435 = EDGE_CURVE('',#2428,#2404,#2436,.T.);
#2436 = LINE('',#2437,#2438);
#2437 = CARTESIAN_POINT('',(-0.32,0.32,8.38));
#2438 = VECTOR('',#2439,1.);
#2439 = DIRECTION('',(1.,0.,0.));
#2440 = PLANE('',#2441);
#2441 = AXIS2_PLACEMENT_3D('',#2442,#2443,#2444);
#2442 = CARTESIAN_POINT('',(-0.32,0.32,-3.));
#2443 = DIRECTION('',(0.,1.,0.));
#2444 = DIRECTION('',(0.,-0.,1.));
#2445 = ADVANCED_FACE('',(#2446),#2457,.F.);
#2446 = FACE_BOUND('',#2447,.F.);
#2447 = EDGE_LOOP('',(#2448,#2449,#2450,#2451));
#2448 = ORIENTED_EDGE('',*,*,#2379,.F.);
#2449 = ORIENTED_EDGE('',*,*,#1932,.T.);
#2450 = ORIENTED_EDGE('',*,*,#2427,.T.);
#2451 = ORIENTED_EDGE('',*,*,#2452,.F.);
#2452 = EDGE_CURVE('',#2380,#2428,#2453,.T.);
#2453 = LINE('',#2454,#2455);
#2454 = CARTESIAN_POINT('',(-0.32,-0.32,8.38));
#2455 = VECTOR('',#2456,1.);
#2456 = DIRECTION('',(0.,1.,0.));
#2457 = PLANE('',#2458);
#2458 = AXIS2_PLACEMENT_3D('',#2459,#2460,#2461);
#2459 = CARTESIAN_POINT('',(-0.32,-0.32,-3.));
#2460 = DIRECTION('',(1.,0.,0.));
#2461 = DIRECTION('',(0.,0.,1.));
#2462 = ADVANCED_FACE('',(#2463),#2488,.F.);
#2463 = FACE_BOUND('',#2464,.F.);
#2464 = EDGE_LOOP('',(#2465,#2473,#2474,#2482));
#2465 = ORIENTED_EDGE('',*,*,#2466,.F.);
#2466 = EDGE_CURVE('',#1957,#2467,#2469,.T.);
#2467 = VERTEX_POINT('',#2468);
#2468 = CARTESIAN_POINT('',(0.32,-2.86,8.38));
#2469 = LINE('',#2470,#2471);
#2470 = CARTESIAN_POINT('',(0.32,-2.86,-3.));
#2471 = VECTOR('',#2472,1.);
#2472 = DIRECTION('',(0.,0.,1.));
#2473 = ORIENTED_EDGE('',*,*,#1956,.T.);
#2474 = ORIENTED_EDGE('',*,*,#2475,.T.);
#2475 = EDGE_CURVE('',#1959,#2476,#2478,.T.);
#2476 = VERTEX_POINT('',#2477);
#2477 = CARTESIAN_POINT('',(-0.32,-2.86,8.38));
#2478 = LINE('',#2479,#2480);
#2479 = CARTESIAN_POINT('',(-0.32,-2.86,-3.));
#2480 = VECTOR('',#2481,1.);
#2481 = DIRECTION('',(0.,0.,1.));
#2482 = ORIENTED_EDGE('',*,*,#2483,.T.);
#2483 = EDGE_CURVE('',#2476,#2467,#2484,.T.);
#2484 = LINE('',#2485,#2486);
#2485 = CARTESIAN_POINT('',(-0.32,-2.86,8.38));
#2486 = VECTOR('',#2487,1.);
#2487 = DIRECTION('',(1.,0.,0.));
#2488 = PLANE('',#2489);
#2489 = AXIS2_PLACEMENT_3D('',#2490,#2491,#2492);
#2490 = CARTESIAN_POINT('',(-0.32,-2.86,-3.));
#2491 = DIRECTION('',(0.,1.,0.));
#2492 = DIRECTION('',(0.,-0.,1.));
#2493 = ADVANCED_FACE('',(#2494),#2512,.T.);
#2494 = FACE_BOUND('',#2495,.T.);
#2495 = EDGE_LOOP('',(#2496,#2497,#2498,#2506));
#2496 = ORIENTED_EDGE('',*,*,#2466,.F.);
#2497 = ORIENTED_EDGE('',*,*,#1982,.T.);
#2498 = ORIENTED_EDGE('',*,*,#2499,.T.);
#2499 = EDGE_CURVE('',#1975,#2500,#2502,.T.);
#2500 = VERTEX_POINT('',#2501);
#2501 = CARTESIAN_POINT('',(0.32,-2.22,8.38));
#2502 = LINE('',#2503,#2504);
#2503 = CARTESIAN_POINT('',(0.32,-2.22,-3.));
#2504 = VECTOR('',#2505,1.);
#2505 = DIRECTION('',(0.,0.,1.));
#2506 = ORIENTED_EDGE('',*,*,#2507,.F.);
#2507 = EDGE_CURVE('',#2467,#2500,#2508,.T.);
#2508 = LINE('',#2509,#2510);
#2509 = CARTESIAN_POINT('',(0.32,-2.86,8.38));
#2510 = VECTOR('',#2511,1.);
#2511 = DIRECTION('',(0.,1.,0.));
#2512 = PLANE('',#2513);
#2513 = AXIS2_PLACEMENT_3D('',#2514,#2515,#2516);
#2514 = CARTESIAN_POINT('',(0.32,-2.86,-3.));
#2515 = DIRECTION('',(1.,0.,0.));
#2516 = DIRECTION('',(0.,0.,1.));
#2517 = ADVANCED_FACE('',(#2518),#2536,.T.);
#2518 = FACE_BOUND('',#2519,.T.);
#2519 = EDGE_LOOP('',(#2520,#2521,#2522,#2530));
#2520 = ORIENTED_EDGE('',*,*,#2499,.F.);
#2521 = ORIENTED_EDGE('',*,*,#1974,.T.);
#2522 = ORIENTED_EDGE('',*,*,#2523,.T.);
#2523 = EDGE_CURVE('',#1967,#2524,#2526,.T.);
#2524 = VERTEX_POINT('',#2525);
#2525 = CARTESIAN_POINT('',(-0.32,-2.22,8.38));
#2526 = LINE('',#2527,#2528);
#2527 = CARTESIAN_POINT('',(-0.32,-2.22,-3.));
#2528 = VECTOR('',#2529,1.);
#2529 = DIRECTION('',(0.,0.,1.));
#2530 = ORIENTED_EDGE('',*,*,#2531,.T.);
#2531 = EDGE_CURVE('',#2524,#2500,#2532,.T.);
#2532 = LINE('',#2533,#2534);
#2533 = CARTESIAN_POINT('',(-0.32,-2.22,8.38));
#2534 = VECTOR('',#2535,1.);
#2535 = DIRECTION('',(1.,0.,0.));
#2536 = PLANE('',#2537);
#2537 = AXIS2_PLACEMENT_3D('',#2538,#2539,#2540);
#2538 = CARTESIAN_POINT('',(-0.32,-2.22,-3.));
#2539 = DIRECTION('',(0.,1.,0.));
#2540 = DIRECTION('',(0.,-0.,1.));
#2541 = ADVANCED_FACE('',(#2542),#2553,.F.);
#2542 = FACE_BOUND('',#2543,.F.);
#2543 = EDGE_LOOP('',(#2544,#2545,#2546,#2547));
#2544 = ORIENTED_EDGE('',*,*,#2475,.F.);
#2545 = ORIENTED_EDGE('',*,*,#1966,.T.);
#2546 = ORIENTED_EDGE('',*,*,#2523,.T.);
#2547 = ORIENTED_EDGE('',*,*,#2548,.F.);
#2548 = EDGE_CURVE('',#2476,#2524,#2549,.T.);
#2549 = LINE('',#2550,#2551);
#2550 = CARTESIAN_POINT('',(-0.32,-2.86,8.38));
#2551 = VECTOR('',#2552,1.);
#2552 = DIRECTION('',(0.,1.,0.));
#2553 = PLANE('',#2554);
#2554 = AXIS2_PLACEMENT_3D('',#2555,#2556,#2557);
#2555 = CARTESIAN_POINT('',(-0.32,-2.86,-3.));
#2556 = DIRECTION('',(1.,0.,0.));
#2557 = DIRECTION('',(0.,0.,1.));
#2558 = ADVANCED_FACE('',(#2559),#2584,.T.);
#2559 = FACE_BOUND('',#2560,.F.);
#2560 = EDGE_LOOP('',(#2561,#2569,#2570,#2578));
#2561 = ORIENTED_EDGE('',*,*,#2562,.F.);
#2562 = EDGE_CURVE('',#2187,#2563,#2565,.T.);
#2563 = VERTEX_POINT('',#2564);
#2564 = CARTESIAN_POINT('',(-0.16,-0.16,-3.));
#2565 = LINE('',#2566,#2567);
#2566 = CARTESIAN_POINT('',(-0.266666666667,-0.266666666667,
    -2.893333333333));
#2567 = VECTOR('',#2568,1.);
#2568 = DIRECTION('',(0.57735026919,0.57735026919,-0.57735026919));
#2569 = ORIENTED_EDGE('',*,*,#2186,.T.);
#2570 = ORIENTED_EDGE('',*,*,#2571,.T.);
#2571 = EDGE_CURVE('',#2179,#2572,#2574,.T.);
#2572 = VERTEX_POINT('',#2573);
#2573 = CARTESIAN_POINT('',(0.16,-0.16,-3.));
#2574 = LINE('',#2575,#2576);
#2575 = CARTESIAN_POINT('',(0.16,-0.16,-3.));
#2576 = VECTOR('',#2577,1.);
#2577 = DIRECTION('',(-0.57735026919,0.57735026919,-0.57735026919));
#2578 = ORIENTED_EDGE('',*,*,#2579,.F.);
#2579 = EDGE_CURVE('',#2563,#2572,#2580,.T.);
#2580 = LINE('',#2581,#2582);
#2581 = CARTESIAN_POINT('',(-0.32,-0.16,-3.));
#2582 = VECTOR('',#2583,1.);
#2583 = DIRECTION('',(1.,0.,0.));
#2584 = PLANE('',#2585);
#2585 = AXIS2_PLACEMENT_3D('',#2586,#2587,#2588);
#2586 = CARTESIAN_POINT('',(-0.32,-0.24,-2.92));
#2587 = DIRECTION('',(1.735167508357E-18,-0.707106781187,-0.707106781187
    ));
#2588 = DIRECTION('',(-1.,-1.226948711654E-18,-1.226948711654E-18));
#2589 = ADVANCED_FACE('',(#2590),#2608,.F.);
#2590 = FACE_BOUND('',#2591,.F.);
#2591 = EDGE_LOOP('',(#2592,#2593,#2594,#2602));
#2592 = ORIENTED_EDGE('',*,*,#2571,.F.);
#2593 = ORIENTED_EDGE('',*,*,#2210,.T.);
#2594 = ORIENTED_EDGE('',*,*,#2595,.T.);
#2595 = EDGE_CURVE('',#2211,#2596,#2598,.T.);
#2596 = VERTEX_POINT('',#2597);
#2597 = CARTESIAN_POINT('',(0.16,0.16,-3.));
#2598 = LINE('',#2599,#2600);
#2599 = CARTESIAN_POINT('',(5.333333333333E-02,5.333333333333E-02,
    -3.106666666667));
#2600 = VECTOR('',#2601,1.);
#2601 = DIRECTION('',(-0.57735026919,-0.57735026919,-0.57735026919));
#2602 = ORIENTED_EDGE('',*,*,#2603,.F.);
#2603 = EDGE_CURVE('',#2572,#2596,#2604,.T.);
#2604 = LINE('',#2605,#2606);
#2605 = CARTESIAN_POINT('',(0.16,-0.32,-3.));
#2606 = VECTOR('',#2607,1.);
#2607 = DIRECTION('',(0.,1.,0.));
#2608 = PLANE('',#2609);
#2609 = AXIS2_PLACEMENT_3D('',#2610,#2611,#2612);
#2610 = CARTESIAN_POINT('',(0.24,-0.32,-2.92));
#2611 = DIRECTION('',(-0.707106781187,1.735167508357E-18,0.707106781187)
  );
#2612 = DIRECTION('',(1.226948711654E-18,1.,-1.226948711654E-18));
#2613 = ADVANCED_FACE('',(#2614),#2632,.F.);
#2614 = FACE_BOUND('',#2615,.T.);
#2615 = EDGE_LOOP('',(#2616,#2624,#2625,#2626));
#2616 = ORIENTED_EDGE('',*,*,#2617,.F.);
#2617 = EDGE_CURVE('',#2235,#2618,#2620,.T.);
#2618 = VERTEX_POINT('',#2619);
#2619 = CARTESIAN_POINT('',(-0.16,0.16,-3.));
#2620 = LINE('',#2621,#2622);
#2621 = CARTESIAN_POINT('',(-0.16,0.16,-3.));
#2622 = VECTOR('',#2623,1.);
#2623 = DIRECTION('',(0.57735026919,-0.57735026919,-0.57735026919));
#2624 = ORIENTED_EDGE('',*,*,#2234,.T.);
#2625 = ORIENTED_EDGE('',*,*,#2595,.T.);
#2626 = ORIENTED_EDGE('',*,*,#2627,.F.);
#2627 = EDGE_CURVE('',#2618,#2596,#2628,.T.);
#2628 = LINE('',#2629,#2630);
#2629 = CARTESIAN_POINT('',(-0.32,0.16,-3.));
#2630 = VECTOR('',#2631,1.);
#2631 = DIRECTION('',(1.,0.,0.));
#2632 = PLANE('',#2633);
#2633 = AXIS2_PLACEMENT_3D('',#2634,#2635,#2636);
#2634 = CARTESIAN_POINT('',(-0.32,0.24,-2.92));
#2635 = DIRECTION('',(-1.735167508357E-18,-0.707106781187,0.707106781187
    ));
#2636 = DIRECTION('',(-1.,1.226948711654E-18,-1.226948711654E-18));
#2637 = ADVANCED_FACE('',(#2638),#2649,.T.);
#2638 = FACE_BOUND('',#2639,.T.);
#2639 = EDGE_LOOP('',(#2640,#2641,#2642,#2643));
#2640 = ORIENTED_EDGE('',*,*,#2562,.F.);
#2641 = ORIENTED_EDGE('',*,*,#2258,.T.);
#2642 = ORIENTED_EDGE('',*,*,#2617,.T.);
#2643 = ORIENTED_EDGE('',*,*,#2644,.F.);
#2644 = EDGE_CURVE('',#2563,#2618,#2645,.T.);
#2645 = LINE('',#2646,#2647);
#2646 = CARTESIAN_POINT('',(-0.16,-0.32,-3.));
#2647 = VECTOR('',#2648,1.);
#2648 = DIRECTION('',(0.,1.,0.));
#2649 = PLANE('',#2650);
#2650 = AXIS2_PLACEMENT_3D('',#2651,#2652,#2653);
#2651 = CARTESIAN_POINT('',(-0.24,-0.32,-2.92));
#2652 = DIRECTION('',(-0.707106781187,-1.735167508357E-18,
    -0.707106781187));
#2653 = DIRECTION('',(-1.226948711654E-18,1.,-1.226948711654E-18));
#2654 = ADVANCED_FACE('',(#2655),#2680,.T.);
#2655 = FACE_BOUND('',#2656,.F.);
#2656 = EDGE_LOOP('',(#2657,#2665,#2666,#2674));
#2657 = ORIENTED_EDGE('',*,*,#2658,.F.);
#2658 = EDGE_CURVE('',#2283,#2659,#2661,.T.);
#2659 = VERTEX_POINT('',#2660);
#2660 = CARTESIAN_POINT('',(-0.16,-2.7,-3.));
#2661 = LINE('',#2662,#2663);
#2662 = CARTESIAN_POINT('',(-0.266666666667,-2.806666666667,
    -2.893333333333));
#2663 = VECTOR('',#2664,1.);
#2664 = DIRECTION('',(0.57735026919,0.57735026919,-0.57735026919));
#2665 = ORIENTED_EDGE('',*,*,#2282,.T.);
#2666 = ORIENTED_EDGE('',*,*,#2667,.T.);
#2667 = EDGE_CURVE('',#2275,#2668,#2670,.T.);
#2668 = VERTEX_POINT('',#2669);
#2669 = CARTESIAN_POINT('',(0.16,-2.7,-3.));
#2670 = LINE('',#2671,#2672);
#2671 = CARTESIAN_POINT('',(0.16,-2.7,-3.));
#2672 = VECTOR('',#2673,1.);
#2673 = DIRECTION('',(-0.57735026919,0.57735026919,-0.57735026919));
#2674 = ORIENTED_EDGE('',*,*,#2675,.F.);
#2675 = EDGE_CURVE('',#2659,#2668,#2676,.T.);
#2676 = LINE('',#2677,#2678);
#2677 = CARTESIAN_POINT('',(-0.32,-2.7,-3.));
#2678 = VECTOR('',#2679,1.);
#2679 = DIRECTION('',(1.,0.,0.));
#2680 = PLANE('',#2681);
#2681 = AXIS2_PLACEMENT_3D('',#2682,#2683,#2684);
#2682 = CARTESIAN_POINT('',(-0.32,-2.78,-2.92));
#2683 = DIRECTION('',(1.735167508357E-18,-0.707106781187,-0.707106781187
    ));
#2684 = DIRECTION('',(-1.,-1.226948711654E-18,-1.226948711654E-18));
#2685 = ADVANCED_FACE('',(#2686),#2704,.F.);
#2686 = FACE_BOUND('',#2687,.F.);
#2687 = EDGE_LOOP('',(#2688,#2689,#2690,#2698));
#2688 = ORIENTED_EDGE('',*,*,#2667,.F.);
#2689 = ORIENTED_EDGE('',*,*,#2306,.T.);
#2690 = ORIENTED_EDGE('',*,*,#2691,.T.);
#2691 = EDGE_CURVE('',#2307,#2692,#2694,.T.);
#2692 = VERTEX_POINT('',#2693);
#2693 = CARTESIAN_POINT('',(0.16,-2.38,-3.));
#2694 = LINE('',#2695,#2696);
#2695 = CARTESIAN_POINT('',(5.333333333333E-02,-2.486666666667,
    -3.106666666667));
#2696 = VECTOR('',#2697,1.);
#2697 = DIRECTION('',(-0.57735026919,-0.57735026919,-0.57735026919));
#2698 = ORIENTED_EDGE('',*,*,#2699,.F.);
#2699 = EDGE_CURVE('',#2668,#2692,#2700,.T.);
#2700 = LINE('',#2701,#2702);
#2701 = CARTESIAN_POINT('',(0.16,-2.86,-3.));
#2702 = VECTOR('',#2703,1.);
#2703 = DIRECTION('',(0.,1.,0.));
#2704 = PLANE('',#2705);
#2705 = AXIS2_PLACEMENT_3D('',#2706,#2707,#2708);
#2706 = CARTESIAN_POINT('',(0.24,-2.86,-2.92));
#2707 = DIRECTION('',(-0.707106781187,1.735167508357E-18,0.707106781187)
  );
#2708 = DIRECTION('',(1.226948711654E-18,1.,-1.226948711654E-18));
#2709 = ADVANCED_FACE('',(#2710),#2728,.F.);
#2710 = FACE_BOUND('',#2711,.T.);
#2711 = EDGE_LOOP('',(#2712,#2720,#2721,#2722));
#2712 = ORIENTED_EDGE('',*,*,#2713,.F.);
#2713 = EDGE_CURVE('',#2331,#2714,#2716,.T.);
#2714 = VERTEX_POINT('',#2715);
#2715 = CARTESIAN_POINT('',(-0.16,-2.38,-3.));
#2716 = LINE('',#2717,#2718);
#2717 = CARTESIAN_POINT('',(-0.16,-2.38,-3.));
#2718 = VECTOR('',#2719,1.);
#2719 = DIRECTION('',(0.57735026919,-0.57735026919,-0.57735026919));
#2720 = ORIENTED_EDGE('',*,*,#2330,.T.);
#2721 = ORIENTED_EDGE('',*,*,#2691,.T.);
#2722 = ORIENTED_EDGE('',*,*,#2723,.F.);
#2723 = EDGE_CURVE('',#2714,#2692,#2724,.T.);
#2724 = LINE('',#2725,#2726);
#2725 = CARTESIAN_POINT('',(-0.32,-2.38,-3.));
#2726 = VECTOR('',#2727,1.);
#2727 = DIRECTION('',(1.,0.,0.));
#2728 = PLANE('',#2729);
#2729 = AXIS2_PLACEMENT_3D('',#2730,#2731,#2732);
#2730 = CARTESIAN_POINT('',(-0.32,-2.3,-2.92));
#2731 = DIRECTION('',(-1.735167508357E-18,-0.707106781187,0.707106781187
    ));
#2732 = DIRECTION('',(-1.,1.226948711654E-18,-1.226948711654E-18));
#2733 = ADVANCED_FACE('',(#2734),#2745,.T.);
#2734 = FACE_BOUND('',#2735,.T.);
#2735 = EDGE_LOOP('',(#2736,#2737,#2738,#2739));
#2736 = ORIENTED_EDGE('',*,*,#2658,.F.);
#2737 = ORIENTED_EDGE('',*,*,#2354,.T.);
#2738 = ORIENTED_EDGE('',*,*,#2713,.T.);
#2739 = ORIENTED_EDGE('',*,*,#2740,.F.);
#2740 = EDGE_CURVE('',#2659,#2714,#2741,.T.);
#2741 = LINE('',#2742,#2743);
#2742 = CARTESIAN_POINT('',(-0.16,-2.86,-3.));
#2743 = VECTOR('',#2744,1.);
#2744 = DIRECTION('',(0.,1.,0.));
#2745 = PLANE('',#2746);
#2746 = AXIS2_PLACEMENT_3D('',#2747,#2748,#2749);
#2747 = CARTESIAN_POINT('',(-0.24,-2.86,-2.92));
#2748 = DIRECTION('',(-0.707106781187,-1.735167508357E-18,
    -0.707106781187));
#2749 = DIRECTION('',(-1.226948711654E-18,1.,-1.226948711654E-18));
#2750 = ADVANCED_FACE('',(#2751),#2776,.F.);
#2751 = FACE_BOUND('',#2752,.T.);
#2752 = EDGE_LOOP('',(#2753,#2761,#2762,#2770));
#2753 = ORIENTED_EDGE('',*,*,#2754,.F.);
#2754 = EDGE_CURVE('',#2380,#2755,#2757,.T.);
#2755 = VERTEX_POINT('',#2756);
#2756 = CARTESIAN_POINT('',(-0.16,-0.16,8.54));
#2757 = LINE('',#2758,#2759);
#2758 = CARTESIAN_POINT('',(-0.266666666667,-0.266666666667,
    8.433333333333));
#2759 = VECTOR('',#2760,1.);
#2760 = DIRECTION('',(0.57735026919,0.57735026919,0.57735026919));
#2761 = ORIENTED_EDGE('',*,*,#2387,.T.);
#2762 = ORIENTED_EDGE('',*,*,#2763,.T.);
#2763 = EDGE_CURVE('',#2371,#2764,#2766,.T.);
#2764 = VERTEX_POINT('',#2765);
#2765 = CARTESIAN_POINT('',(0.16,-0.16,8.54));
#2766 = LINE('',#2767,#2768);
#2767 = CARTESIAN_POINT('',(0.16,-0.16,8.54));
#2768 = VECTOR('',#2769,1.);
#2769 = DIRECTION('',(-0.57735026919,0.57735026919,0.57735026919));
#2770 = ORIENTED_EDGE('',*,*,#2771,.F.);
#2771 = EDGE_CURVE('',#2755,#2764,#2772,.T.);
#2772 = LINE('',#2773,#2774);
#2773 = CARTESIAN_POINT('',(-0.32,-0.16,8.54));
#2774 = VECTOR('',#2775,1.);
#2775 = DIRECTION('',(1.,0.,0.));
#2776 = PLANE('',#2777);
#2777 = AXIS2_PLACEMENT_3D('',#2778,#2779,#2780);
#2778 = CARTESIAN_POINT('',(-0.32,-0.24,8.46));
#2779 = DIRECTION('',(-1.735167508357E-18,0.707106781187,-0.707106781187
    ));
#2780 = DIRECTION('',(-1.,-1.226948711654E-18,1.226948711654E-18));
#2781 = ADVANCED_FACE('',(#2782),#2800,.T.);
#2782 = FACE_BOUND('',#2783,.T.);
#2783 = EDGE_LOOP('',(#2784,#2785,#2786,#2794));
#2784 = ORIENTED_EDGE('',*,*,#2763,.F.);
#2785 = ORIENTED_EDGE('',*,*,#2411,.T.);
#2786 = ORIENTED_EDGE('',*,*,#2787,.T.);
#2787 = EDGE_CURVE('',#2404,#2788,#2790,.T.);
#2788 = VERTEX_POINT('',#2789);
#2789 = CARTESIAN_POINT('',(0.16,0.16,8.54));
#2790 = LINE('',#2791,#2792);
#2791 = CARTESIAN_POINT('',(5.333333333333E-02,5.333333333333E-02,
    8.646666666667));
#2792 = VECTOR('',#2793,1.);
#2793 = DIRECTION('',(-0.57735026919,-0.57735026919,0.57735026919));
#2794 = ORIENTED_EDGE('',*,*,#2795,.F.);
#2795 = EDGE_CURVE('',#2764,#2788,#2796,.T.);
#2796 = LINE('',#2797,#2798);
#2797 = CARTESIAN_POINT('',(0.16,-0.32,8.54));
#2798 = VECTOR('',#2799,1.);
#2799 = DIRECTION('',(0.,1.,0.));
#2800 = PLANE('',#2801);
#2801 = AXIS2_PLACEMENT_3D('',#2802,#2803,#2804);
#2802 = CARTESIAN_POINT('',(0.24,-0.32,8.46));
#2803 = DIRECTION('',(0.707106781187,-1.735167508357E-18,0.707106781187)
  );
#2804 = DIRECTION('',(1.226948711654E-18,1.,1.226948711654E-18));
#2805 = ADVANCED_FACE('',(#2806),#2824,.T.);
#2806 = FACE_BOUND('',#2807,.F.);
#2807 = EDGE_LOOP('',(#2808,#2816,#2817,#2818));
#2808 = ORIENTED_EDGE('',*,*,#2809,.F.);
#2809 = EDGE_CURVE('',#2428,#2810,#2812,.T.);
#2810 = VERTEX_POINT('',#2811);
#2811 = CARTESIAN_POINT('',(-0.16,0.16,8.54));
#2812 = LINE('',#2813,#2814);
#2813 = CARTESIAN_POINT('',(-0.16,0.16,8.54));
#2814 = VECTOR('',#2815,1.);
#2815 = DIRECTION('',(0.57735026919,-0.57735026919,0.57735026919));
#2816 = ORIENTED_EDGE('',*,*,#2435,.T.);
#2817 = ORIENTED_EDGE('',*,*,#2787,.T.);
#2818 = ORIENTED_EDGE('',*,*,#2819,.F.);
#2819 = EDGE_CURVE('',#2810,#2788,#2820,.T.);
#2820 = LINE('',#2821,#2822);
#2821 = CARTESIAN_POINT('',(-0.32,0.16,8.54));
#2822 = VECTOR('',#2823,1.);
#2823 = DIRECTION('',(1.,0.,0.));
#2824 = PLANE('',#2825);
#2825 = AXIS2_PLACEMENT_3D('',#2826,#2827,#2828);
#2826 = CARTESIAN_POINT('',(-0.32,0.24,8.46));
#2827 = DIRECTION('',(1.735167508357E-18,0.707106781187,0.707106781187)
  );
#2828 = DIRECTION('',(-1.,1.226948711654E-18,1.226948711654E-18));
#2829 = ADVANCED_FACE('',(#2830),#2841,.F.);
#2830 = FACE_BOUND('',#2831,.F.);
#2831 = EDGE_LOOP('',(#2832,#2833,#2834,#2835));
#2832 = ORIENTED_EDGE('',*,*,#2754,.F.);
#2833 = ORIENTED_EDGE('',*,*,#2452,.T.);
#2834 = ORIENTED_EDGE('',*,*,#2809,.T.);
#2835 = ORIENTED_EDGE('',*,*,#2836,.F.);
#2836 = EDGE_CURVE('',#2755,#2810,#2837,.T.);
#2837 = LINE('',#2838,#2839);
#2838 = CARTESIAN_POINT('',(-0.16,-0.32,8.54));
#2839 = VECTOR('',#2840,1.);
#2840 = DIRECTION('',(0.,1.,0.));
#2841 = PLANE('',#2842);
#2842 = AXIS2_PLACEMENT_3D('',#2843,#2844,#2845);
#2843 = CARTESIAN_POINT('',(-0.24,-0.32,8.46));
#2844 = DIRECTION('',(0.707106781187,1.735167508357E-18,-0.707106781187)
  );
#2845 = DIRECTION('',(-1.226948711654E-18,1.,1.226948711654E-18));
#2846 = ADVANCED_FACE('',(#2847),#2872,.F.);
#2847 = FACE_BOUND('',#2848,.T.);
#2848 = EDGE_LOOP('',(#2849,#2857,#2858,#2866));
#2849 = ORIENTED_EDGE('',*,*,#2850,.F.);
#2850 = EDGE_CURVE('',#2476,#2851,#2853,.T.);
#2851 = VERTEX_POINT('',#2852);
#2852 = CARTESIAN_POINT('',(-0.16,-2.7,8.54));
#2853 = LINE('',#2854,#2855);
#2854 = CARTESIAN_POINT('',(-0.266666666667,-2.806666666667,
    8.433333333333));
#2855 = VECTOR('',#2856,1.);
#2856 = DIRECTION('',(0.57735026919,0.57735026919,0.57735026919));
#2857 = ORIENTED_EDGE('',*,*,#2483,.T.);
#2858 = ORIENTED_EDGE('',*,*,#2859,.T.);
#2859 = EDGE_CURVE('',#2467,#2860,#2862,.T.);
#2860 = VERTEX_POINT('',#2861);
#2861 = CARTESIAN_POINT('',(0.16,-2.7,8.54));
#2862 = LINE('',#2863,#2864);
#2863 = CARTESIAN_POINT('',(0.16,-2.7,8.54));
#2864 = VECTOR('',#2865,1.);
#2865 = DIRECTION('',(-0.57735026919,0.57735026919,0.57735026919));
#2866 = ORIENTED_EDGE('',*,*,#2867,.F.);
#2867 = EDGE_CURVE('',#2851,#2860,#2868,.T.);
#2868 = LINE('',#2869,#2870);
#2869 = CARTESIAN_POINT('',(-0.32,-2.7,8.54));
#2870 = VECTOR('',#2871,1.);
#2871 = DIRECTION('',(1.,0.,0.));
#2872 = PLANE('',#2873);
#2873 = AXIS2_PLACEMENT_3D('',#2874,#2875,#2876);
#2874 = CARTESIAN_POINT('',(-0.32,-2.78,8.46));
#2875 = DIRECTION('',(-1.735167508357E-18,0.707106781187,-0.707106781187
    ));
#2876 = DIRECTION('',(-1.,-1.226948711654E-18,1.226948711654E-18));
#2877 = ADVANCED_FACE('',(#2878),#2896,.T.);
#2878 = FACE_BOUND('',#2879,.T.);
#2879 = EDGE_LOOP('',(#2880,#2881,#2882,#2890));
#2880 = ORIENTED_EDGE('',*,*,#2859,.F.);
#2881 = ORIENTED_EDGE('',*,*,#2507,.T.);
#2882 = ORIENTED_EDGE('',*,*,#2883,.T.);
#2883 = EDGE_CURVE('',#2500,#2884,#2886,.T.);
#2884 = VERTEX_POINT('',#2885);
#2885 = CARTESIAN_POINT('',(0.16,-2.38,8.54));
#2886 = LINE('',#2887,#2888);
#2887 = CARTESIAN_POINT('',(5.333333333333E-02,-2.486666666667,
    8.646666666667));
#2888 = VECTOR('',#2889,1.);
#2889 = DIRECTION('',(-0.57735026919,-0.57735026919,0.57735026919));
#2890 = ORIENTED_EDGE('',*,*,#2891,.F.);
#2891 = EDGE_CURVE('',#2860,#2884,#2892,.T.);
#2892 = LINE('',#2893,#2894);
#2893 = CARTESIAN_POINT('',(0.16,-2.86,8.54));
#2894 = VECTOR('',#2895,1.);
#2895 = DIRECTION('',(0.,1.,0.));
#2896 = PLANE('',#2897);
#2897 = AXIS2_PLACEMENT_3D('',#2898,#2899,#2900);
#2898 = CARTESIAN_POINT('',(0.24,-2.86,8.46));
#2899 = DIRECTION('',(0.707106781187,-1.735167508357E-18,0.707106781187)
  );
#2900 = DIRECTION('',(1.226948711654E-18,1.,1.226948711654E-18));
#2901 = ADVANCED_FACE('',(#2902),#2920,.T.);
#2902 = FACE_BOUND('',#2903,.F.);
#2903 = EDGE_LOOP('',(#2904,#2912,#2913,#2914));
#2904 = ORIENTED_EDGE('',*,*,#2905,.F.);
#2905 = EDGE_CURVE('',#2524,#2906,#2908,.T.);
#2906 = VERTEX_POINT('',#2907);
#2907 = CARTESIAN_POINT('',(-0.16,-2.38,8.54));
#2908 = LINE('',#2909,#2910);
#2909 = CARTESIAN_POINT('',(-0.16,-2.38,8.54));
#2910 = VECTOR('',#2911,1.);
#2911 = DIRECTION('',(0.57735026919,-0.57735026919,0.57735026919));
#2912 = ORIENTED_EDGE('',*,*,#2531,.T.);
#2913 = ORIENTED_EDGE('',*,*,#2883,.T.);
#2914 = ORIENTED_EDGE('',*,*,#2915,.F.);
#2915 = EDGE_CURVE('',#2906,#2884,#2916,.T.);
#2916 = LINE('',#2917,#2918);
#2917 = CARTESIAN_POINT('',(-0.32,-2.38,8.54));
#2918 = VECTOR('',#2919,1.);
#2919 = DIRECTION('',(1.,0.,0.));
#2920 = PLANE('',#2921);
#2921 = AXIS2_PLACEMENT_3D('',#2922,#2923,#2924);
#2922 = CARTESIAN_POINT('',(-0.32,-2.3,8.46));
#2923 = DIRECTION('',(1.735167508357E-18,0.707106781187,0.707106781187)
  );
#2924 = DIRECTION('',(-1.,1.226948711654E-18,1.226948711654E-18));
#2925 = ADVANCED_FACE('',(#2926),#2937,.F.);
#2926 = FACE_BOUND('',#2927,.F.);
#2927 = EDGE_LOOP('',(#2928,#2929,#2930,#2931));
#2928 = ORIENTED_EDGE('',*,*,#2850,.F.);
#2929 = ORIENTED_EDGE('',*,*,#2548,.T.);
#2930 = ORIENTED_EDGE('',*,*,#2905,.T.);
#2931 = ORIENTED_EDGE('',*,*,#2932,.F.);
#2932 = EDGE_CURVE('',#2851,#2906,#2933,.T.);
#2933 = LINE('',#2934,#2935);
#2934 = CARTESIAN_POINT('',(-0.16,-2.86,8.54));
#2935 = VECTOR('',#2936,1.);
#2936 = DIRECTION('',(0.,1.,0.));
#2937 = PLANE('',#2938);
#2938 = AXIS2_PLACEMENT_3D('',#2939,#2940,#2941);
#2939 = CARTESIAN_POINT('',(-0.24,-2.86,8.46));
#2940 = DIRECTION('',(0.707106781187,1.735167508357E-18,-0.707106781187)
  );
#2941 = DIRECTION('',(-1.226948711654E-18,1.,1.226948711654E-18));
#2942 = ADVANCED_FACE('',(#2943),#2949,.F.);
#2943 = FACE_BOUND('',#2944,.F.);
#2944 = EDGE_LOOP('',(#2945,#2946,#2947,#2948));
#2945 = ORIENTED_EDGE('',*,*,#2644,.F.);
#2946 = ORIENTED_EDGE('',*,*,#2579,.T.);
#2947 = ORIENTED_EDGE('',*,*,#2603,.T.);
#2948 = ORIENTED_EDGE('',*,*,#2627,.F.);
#2949 = PLANE('',#2950);
#2950 = AXIS2_PLACEMENT_3D('',#2951,#2952,#2953);
#2951 = CARTESIAN_POINT('',(-0.32,-0.32,-3.));
#2952 = DIRECTION('',(0.,0.,1.));
#2953 = DIRECTION('',(1.,0.,-0.));
#2954 = ADVANCED_FACE('',(#2955),#2961,.F.);
#2955 = FACE_BOUND('',#2956,.F.);
#2956 = EDGE_LOOP('',(#2957,#2958,#2959,#2960));
#2957 = ORIENTED_EDGE('',*,*,#2740,.F.);
#2958 = ORIENTED_EDGE('',*,*,#2675,.T.);
#2959 = ORIENTED_EDGE('',*,*,#2699,.T.);
#2960 = ORIENTED_EDGE('',*,*,#2723,.F.);
#2961 = PLANE('',#2962);
#2962 = AXIS2_PLACEMENT_3D('',#2963,#2964,#2965);
#2963 = CARTESIAN_POINT('',(-0.32,-2.86,-3.));
#2964 = DIRECTION('',(0.,0.,1.));
#2965 = DIRECTION('',(1.,0.,-0.));
#2966 = ADVANCED_FACE('',(#2967),#2973,.T.);
#2967 = FACE_BOUND('',#2968,.T.);
#2968 = EDGE_LOOP('',(#2969,#2970,#2971,#2972));
#2969 = ORIENTED_EDGE('',*,*,#2819,.F.);
#2970 = ORIENTED_EDGE('',*,*,#2836,.F.);
#2971 = ORIENTED_EDGE('',*,*,#2771,.T.);
#2972 = ORIENTED_EDGE('',*,*,#2795,.T.);
#2973 = PLANE('',#2974);
#2974 = AXIS2_PLACEMENT_3D('',#2975,#2976,#2977);
#2975 = CARTESIAN_POINT('',(-0.32,-0.32,8.54));
#2976 = DIRECTION('',(0.,0.,1.));
#2977 = DIRECTION('',(1.,0.,-0.));
#2978 = ADVANCED_FACE('',(#2979),#2985,.T.);
#2979 = FACE_BOUND('',#2980,.T.);
#2980 = EDGE_LOOP('',(#2981,#2982,#2983,#2984));
#2981 = ORIENTED_EDGE('',*,*,#2915,.F.);
#2982 = ORIENTED_EDGE('',*,*,#2932,.F.);
#2983 = ORIENTED_EDGE('',*,*,#2867,.T.);
#2984 = ORIENTED_EDGE('',*,*,#2891,.T.);
#2985 = PLANE('',#2986);
#2986 = AXIS2_PLACEMENT_3D('',#2987,#2988,#2989);
#2987 = CARTESIAN_POINT('',(-0.32,-2.86,8.54));
#2988 = DIRECTION('',(0.,0.,1.));
#2989 = DIRECTION('',(1.,0.,-0.));
#2990 = ( GEOMETRIC_REPRESENTATION_CONTEXT(3) 
GLOBAL_UNCERTAINTY_ASSIGNED_CONTEXT((#2994)) 
GLOBAL_UNIT_ASSIGNED_CONTEXT((#2991,#2992,#2993)) REPRESENTATION_CONTEXT
('Context #1','3D Context with UNIT and UNCERTAINTY') );
#2991 = ( LENGTH_UNIT() NAMED_UNIT(*) SI_UNIT(.MILLI.,.METRE.) );
#2992 = ( NAMED_UNIT(*) PLANE_ANGLE_UNIT() SI_UNIT($,.RADIAN.) );
#2993 = ( NAMED_UNIT(*) SI_UNIT($,.STERADIAN.) SOLID_ANGLE_UNIT() );
#2994 = UNCERTAINTY_MEASURE_WITH_UNIT(LENGTH_MEASURE(1.E-07),#2991,
  'distance_accuracy_value','confusion accuracy');
#2995 = CONTEXT_DEPENDENT_SHAPE_REPRESENTATION(#2996,#2998);
#2996 = ( REPRESENTATION_RELATIONSHIP('','',#1557,#10) 
REPRESENTATION_RELATIONSHIP_WITH_TRANSFORMATION(#2997) 
SHAPE_REPRESENTATION_RELATIONSHIP() );
#2997 = ITEM_DEFINED_TRANSFORMATION('','',#11,#47);
#2998 = PRODUCT_DEFINITION_SHAPE('Placement','Placement of an item',
  #2999);
#2999 = NEXT_ASSEMBLY_USAGE_OCCURRENCE('9','J5','',#5,#1552,$);
#3000 = PRODUCT_RELATED_PRODUCT_CATEGORY('part',$,(#1554));
#3001 = SHAPE_DEFINITION_REPRESENTATION(#3002,#3008);
#3002 = PRODUCT_DEFINITION_SHAPE('','',#3003);
#3003 = PRODUCT_DEFINITION('design','',#3004,#3007);
#3004 = PRODUCT_DEFINITION_FORMATION('','',#3005);
#3005 = PRODUCT('EggPCB_PCB','EggPCB_PCB','',(#3006));
#3006 = PRODUCT_CONTEXT('',#2,'mechanical');
#3007 = PRODUCT_DEFINITION_CONTEXT('part definition',#2,'design');
#3008 = ADVANCED_BREP_SHAPE_REPRESENTATION('',(#11,#3009),#3891);
#3009 = MANIFOLD_SOLID_BREP('',#3010);
#3010 = CLOSED_SHELL('',(#3011,#3051,#3082,#3113,#3326,#3539,#3556,#3573
    ,#3590,#3607,#3624,#3641,#3658,#3675,#3687,#3704,#3721,#3738,#3755,
    #3772,#3789,#3806,#3823,#3840,#3857,#3874));
#3011 = ADVANCED_FACE('',(#3012),#3046,.T.);
#3012 = FACE_BOUND('',#3013,.T.);
#3013 = EDGE_LOOP('',(#3014,#3024,#3032,#3040));
#3014 = ORIENTED_EDGE('',*,*,#3015,.T.);
#3015 = EDGE_CURVE('',#3016,#3018,#3020,.T.);
#3016 = VERTEX_POINT('',#3017);
#3017 = CARTESIAN_POINT('',(117.6,-98.9,0.));
#3018 = VERTEX_POINT('',#3019);
#3019 = CARTESIAN_POINT('',(117.6,-98.9,1.51));
#3020 = LINE('',#3021,#3022);
#3021 = CARTESIAN_POINT('',(117.6,-98.9,0.));
#3022 = VECTOR('',#3023,1.);
#3023 = DIRECTION('',(0.,0.,1.));
#3024 = ORIENTED_EDGE('',*,*,#3025,.T.);
#3025 = EDGE_CURVE('',#3018,#3026,#3028,.T.);
#3026 = VERTEX_POINT('',#3027);
#3027 = CARTESIAN_POINT('',(121.1,-104.275,1.51));
#3028 = LINE('',#3029,#3030);
#3029 = CARTESIAN_POINT('',(117.6,-98.9,1.51));
#3030 = VECTOR('',#3031,1.);
#3031 = DIRECTION('',(0.545673171437,-0.837998084707,0.));
#3032 = ORIENTED_EDGE('',*,*,#3033,.F.);
#3033 = EDGE_CURVE('',#3034,#3026,#3036,.T.);
#3034 = VERTEX_POINT('',#3035);
#3035 = CARTESIAN_POINT('',(121.1,-104.275,0.));
#3036 = LINE('',#3037,#3038);
#3037 = CARTESIAN_POINT('',(121.1,-104.275,0.));
#3038 = VECTOR('',#3039,1.);
#3039 = DIRECTION('',(0.,0.,1.));
#3040 = ORIENTED_EDGE('',*,*,#3041,.F.);
#3041 = EDGE_CURVE('',#3016,#3034,#3042,.T.);
#3042 = LINE('',#3043,#3044);
#3043 = CARTESIAN_POINT('',(117.6,-98.9,0.));
#3044 = VECTOR('',#3045,1.);
#3045 = DIRECTION('',(0.545673171437,-0.837998084707,0.));
#3046 = PLANE('',#3047);
#3047 = AXIS2_PLACEMENT_3D('',#3048,#3049,#3050);
#3048 = CARTESIAN_POINT('',(117.6,-98.9,0.));
#3049 = DIRECTION('',(0.837998084707,0.545673171437,-0.));
#3050 = DIRECTION('',(0.545673171437,-0.837998084707,0.));
#3051 = ADVANCED_FACE('',(#3052),#3077,.T.);
#3052 = FACE_BOUND('',#3053,.T.);
#3053 = EDGE_LOOP('',(#3054,#3064,#3070,#3071));
#3054 = ORIENTED_EDGE('',*,*,#3055,.T.);
#3055 = EDGE_CURVE('',#3056,#3058,#3060,.T.);
#3056 = VERTEX_POINT('',#3057);
#3057 = CARTESIAN_POINT('',(103.775,-98.85,0.));
#3058 = VERTEX_POINT('',#3059);
#3059 = CARTESIAN_POINT('',(103.775,-98.85,1.51));
#3060 = LINE('',#3061,#3062);
#3061 = CARTESIAN_POINT('',(103.775,-98.85,0.));
#3062 = VECTOR('',#3063,1.);
#3063 = DIRECTION('',(0.,0.,1.));
#3064 = ORIENTED_EDGE('',*,*,#3065,.T.);
#3065 = EDGE_CURVE('',#3058,#3018,#3066,.T.);
#3066 = LINE('',#3067,#3068);
#3067 = CARTESIAN_POINT('',(103.775,-98.85,1.51));
#3068 = VECTOR('',#3069,1.);
#3069 = DIRECTION('',(0.999993460034,-3.616612875351E-03,0.));
#3070 = ORIENTED_EDGE('',*,*,#3015,.F.);
#3071 = ORIENTED_EDGE('',*,*,#3072,.F.);
#3072 = EDGE_CURVE('',#3056,#3016,#3073,.T.);
#3073 = LINE('',#3074,#3075);
#3074 = CARTESIAN_POINT('',(103.775,-98.85,0.));
#3075 = VECTOR('',#3076,1.);
#3076 = DIRECTION('',(0.999993460034,-3.616612875351E-03,0.));
#3077 = PLANE('',#3078);
#3078 = AXIS2_PLACEMENT_3D('',#3079,#3080,#3081);
#3079 = CARTESIAN_POINT('',(103.775,-98.85,0.));
#3080 = DIRECTION('',(3.616612875351E-03,0.999993460034,-0.));
#3081 = DIRECTION('',(0.999993460034,-3.616612875351E-03,0.));
#3082 = ADVANCED_FACE('',(#3083),#3108,.T.);
#3083 = FACE_BOUND('',#3084,.T.);
#3084 = EDGE_LOOP('',(#3085,#3086,#3094,#3102));
#3085 = ORIENTED_EDGE('',*,*,#3033,.T.);
#3086 = ORIENTED_EDGE('',*,*,#3087,.T.);
#3087 = EDGE_CURVE('',#3026,#3088,#3090,.T.);
#3088 = VERTEX_POINT('',#3089);
#3089 = CARTESIAN_POINT('',(127.6,-106.775,1.51));
#3090 = LINE('',#3091,#3092);
#3091 = CARTESIAN_POINT('',(121.1,-104.275,1.51));
#3092 = VECTOR('',#3093,1.);
#3093 = DIRECTION('',(0.933345606203,-0.358979079309,0.));
#3094 = ORIENTED_EDGE('',*,*,#3095,.F.);
#3095 = EDGE_CURVE('',#3096,#3088,#3098,.T.);
#3096 = VERTEX_POINT('',#3097);
#3097 = CARTESIAN_POINT('',(127.6,-106.775,0.));
#3098 = LINE('',#3099,#3100);
#3099 = CARTESIAN_POINT('',(127.6,-106.775,0.));
#3100 = VECTOR('',#3101,1.);
#3101 = DIRECTION('',(0.,0.,1.));
#3102 = ORIENTED_EDGE('',*,*,#3103,.F.);
#3103 = EDGE_CURVE('',#3034,#3096,#3104,.T.);
#3104 = LINE('',#3105,#3106);
#3105 = CARTESIAN_POINT('',(121.1,-104.275,0.));
#3106 = VECTOR('',#3107,1.);
#3107 = DIRECTION('',(0.933345606203,-0.358979079309,0.));
#3108 = PLANE('',#3109);
#3109 = AXIS2_PLACEMENT_3D('',#3110,#3111,#3112);
#3110 = CARTESIAN_POINT('',(121.1,-104.275,0.));
#3111 = DIRECTION('',(0.358979079309,0.933345606203,-0.));
#3112 = DIRECTION('',(0.933345606203,-0.358979079309,0.));
#3113 = ADVANCED_FACE('',(#3114,#3189,#3200,#3211,#3222,#3233,#3244,
    #3255,#3266,#3277,#3288,#3299,#3310),#3321,.F.);
#3114 = FACE_BOUND('',#3115,.F.);
#3115 = EDGE_LOOP('',(#3116,#3117,#3118,#3126,#3134,#3142,#3150,#3158,
    #3166,#3174,#3182,#3188));
#3116 = ORIENTED_EDGE('',*,*,#3041,.F.);
#3117 = ORIENTED_EDGE('',*,*,#3072,.F.);
#3118 = ORIENTED_EDGE('',*,*,#3119,.F.);
#3119 = EDGE_CURVE('',#3120,#3056,#3122,.T.);
#3120 = VERTEX_POINT('',#3121);
#3121 = CARTESIAN_POINT('',(102.175,-103.675,0.));
#3122 = LINE('',#3123,#3124);
#3123 = CARTESIAN_POINT('',(102.175,-103.675,0.));
#3124 = VECTOR('',#3125,1.);
#3125 = DIRECTION('',(0.314751983668,0.949173950747,0.));
#3126 = ORIENTED_EDGE('',*,*,#3127,.F.);
#3127 = EDGE_CURVE('',#3128,#3120,#3130,.T.);
#3128 = VERTEX_POINT('',#3129);
#3129 = CARTESIAN_POINT('',(95.05,-106.775,0.));
#3130 = LINE('',#3131,#3132);
#3131 = CARTESIAN_POINT('',(95.05,-106.775,0.));
#3132 = VECTOR('',#3133,1.);
#3133 = DIRECTION('',(0.916967723028,0.398961395282,0.));
#3134 = ORIENTED_EDGE('',*,*,#3135,.F.);
#3135 = EDGE_CURVE('',#3136,#3128,#3138,.T.);
#3136 = VERTEX_POINT('',#3137);
#3137 = CARTESIAN_POINT('',(95.05,-111.2,0.));
#3138 = LINE('',#3139,#3140);
#3139 = CARTESIAN_POINT('',(95.05,-111.2,0.));
#3140 = VECTOR('',#3141,1.);
#3141 = DIRECTION('',(0.,1.,0.));
#3142 = ORIENTED_EDGE('',*,*,#3143,.F.);
#3143 = EDGE_CURVE('',#3144,#3136,#3146,.T.);
#3144 = VERTEX_POINT('',#3145);
#3145 = CARTESIAN_POINT('',(100.175,-115.2,0.));
#3146 = LINE('',#3147,#3148);
#3147 = CARTESIAN_POINT('',(100.175,-115.2,0.));
#3148 = VECTOR('',#3149,1.);
#3149 = DIRECTION('',(-0.788315783485,0.615270855403,0.));
#3150 = ORIENTED_EDGE('',*,*,#3151,.F.);
#3151 = EDGE_CURVE('',#3152,#3144,#3154,.T.);
#3152 = VERTEX_POINT('',#3153);
#3153 = CARTESIAN_POINT('',(100.95,-122.025,0.));
#3154 = LINE('',#3155,#3156);
#3155 = CARTESIAN_POINT('',(100.95,-122.025,0.));
#3156 = VECTOR('',#3157,1.);
#3157 = DIRECTION('',(-0.112828023715,0.993614531428,0.));
#3158 = ORIENTED_EDGE('',*,*,#3159,.F.);
#3159 = EDGE_CURVE('',#3160,#3152,#3162,.T.);
#3160 = VERTEX_POINT('',#3161);
#3161 = CARTESIAN_POINT('',(118.525,-121.975,0.));
#3162 = LINE('',#3163,#3164);
#3163 = CARTESIAN_POINT('',(118.525,-121.975,0.));
#3164 = VECTOR('',#3165,1.);
#3165 = DIRECTION('',(-0.999995953154,-2.844938700296E-03,0.));
#3166 = ORIENTED_EDGE('',*,*,#3167,.F.);
#3167 = EDGE_CURVE('',#3168,#3160,#3170,.T.);
#3168 = VERTEX_POINT('',#3169);
#3169 = CARTESIAN_POINT('',(120.775,-114.175,0.));
#3170 = LINE('',#3171,#3172);
#3171 = CARTESIAN_POINT('',(120.775,-114.175,0.));
#3172 = VECTOR('',#3173,1.);
#3173 = DIRECTION('',(-0.277160651302,-0.960823591181,0.));
#3174 = ORIENTED_EDGE('',*,*,#3175,.F.);
#3175 = EDGE_CURVE('',#3176,#3168,#3178,.T.);
#3176 = VERTEX_POINT('',#3177);
#3177 = CARTESIAN_POINT('',(127.65,-111.175,0.));
#3178 = LINE('',#3179,#3180);
#3179 = CARTESIAN_POINT('',(127.65,-111.175,0.));
#3180 = VECTOR('',#3181,1.);
#3181 = DIRECTION('',(-0.91653937837,-0.399944456016,0.));
#3182 = ORIENTED_EDGE('',*,*,#3183,.F.);
#3183 = EDGE_CURVE('',#3096,#3176,#3184,.T.);
#3184 = LINE('',#3185,#3186);
#3185 = CARTESIAN_POINT('',(127.6,-106.775,0.));
#3186 = VECTOR('',#3187,1.);
#3187 = DIRECTION('',(1.136290272883E-02,-0.999935440137,0.));
#3188 = ORIENTED_EDGE('',*,*,#3103,.F.);
#3189 = FACE_BOUND('',#3190,.F.);
#3190 = EDGE_LOOP('',(#3191));
#3191 = ORIENTED_EDGE('',*,*,#3192,.T.);
#3192 = EDGE_CURVE('',#3193,#3193,#3195,.T.);
#3193 = VERTEX_POINT('',#3194);
#3194 = CARTESIAN_POINT('',(106.68,-121.15,0.));
#3195 = CIRCLE('',#3196,0.5);
#3196 = AXIS2_PLACEMENT_3D('',#3197,#3198,#3199);
#3197 = CARTESIAN_POINT('',(106.68,-120.65,0.));
#3198 = DIRECTION('',(-0.,0.,-1.));
#3199 = DIRECTION('',(-0.,-1.,0.));
#3200 = FACE_BOUND('',#3201,.F.);
#3201 = EDGE_LOOP('',(#3202));
#3202 = ORIENTED_EDGE('',*,*,#3203,.T.);
#3203 = EDGE_CURVE('',#3204,#3204,#3206,.T.);
#3204 = VERTEX_POINT('',#3205);
#3205 = CARTESIAN_POINT('',(102.87,-116.07,0.));
#3206 = CIRCLE('',#3207,0.5);
#3207 = AXIS2_PLACEMENT_3D('',#3208,#3209,#3210);
#3208 = CARTESIAN_POINT('',(102.87,-115.57,0.));
#3209 = DIRECTION('',(-0.,0.,-1.));
#3210 = DIRECTION('',(-0.,-1.,0.));
#3211 = FACE_BOUND('',#3212,.F.);
#3212 = EDGE_LOOP('',(#3213));
#3213 = ORIENTED_EDGE('',*,*,#3214,.T.);
#3214 = EDGE_CURVE('',#3215,#3215,#3217,.T.);
#3215 = VERTEX_POINT('',#3216);
#3216 = CARTESIAN_POINT('',(107.69,-113.15,0.));
#3217 = CIRCLE('',#3218,0.4);
#3218 = AXIS2_PLACEMENT_3D('',#3219,#3220,#3221);
#3219 = CARTESIAN_POINT('',(107.69,-112.75,0.));
#3220 = DIRECTION('',(-0.,0.,-1.));
#3221 = DIRECTION('',(-0.,-1.,0.));
#3222 = FACE_BOUND('',#3223,.F.);
#3223 = EDGE_LOOP('',(#3224));
#3224 = ORIENTED_EDGE('',*,*,#3225,.T.);
#3225 = EDGE_CURVE('',#3226,#3226,#3228,.T.);
#3226 = VERTEX_POINT('',#3227);
#3227 = CARTESIAN_POINT('',(110.49,-121.15,0.));
#3228 = CIRCLE('',#3229,0.5);
#3229 = AXIS2_PLACEMENT_3D('',#3230,#3231,#3232);
#3230 = CARTESIAN_POINT('',(110.49,-120.65,0.));
#3231 = DIRECTION('',(-0.,0.,-1.));
#3232 = DIRECTION('',(-0.,-1.,0.));
#3233 = FACE_BOUND('',#3234,.F.);
#3234 = EDGE_LOOP('',(#3235));
#3235 = ORIENTED_EDGE('',*,*,#3236,.T.);
#3236 = EDGE_CURVE('',#3237,#3237,#3239,.T.);
#3237 = VERTEX_POINT('',#3238);
#3238 = CARTESIAN_POINT('',(116.84,-121.15,0.));
#3239 = CIRCLE('',#3240,0.5);
#3240 = AXIS2_PLACEMENT_3D('',#3241,#3242,#3243);
#3241 = CARTESIAN_POINT('',(116.84,-120.65,0.));
#3242 = DIRECTION('',(-0.,0.,-1.));
#3243 = DIRECTION('',(-0.,-1.,0.));
#3244 = FACE_BOUND('',#3245,.F.);
#3245 = EDGE_LOOP('',(#3246));
#3246 = ORIENTED_EDGE('',*,*,#3247,.T.);
#3247 = EDGE_CURVE('',#3248,#3248,#3250,.T.);
#3248 = VERTEX_POINT('',#3249);
#3249 = CARTESIAN_POINT('',(115.31,-113.15,0.));
#3250 = CIRCLE('',#3251,0.4);
#3251 = AXIS2_PLACEMENT_3D('',#3252,#3253,#3254);
#3252 = CARTESIAN_POINT('',(115.31,-112.75,0.));
#3253 = DIRECTION('',(-0.,0.,-1.));
#3254 = DIRECTION('',(-0.,-1.,0.));
#3255 = FACE_BOUND('',#3256,.F.);
#3256 = EDGE_LOOP('',(#3257));
#3257 = ORIENTED_EDGE('',*,*,#3258,.T.);
#3258 = EDGE_CURVE('',#3259,#3259,#3261,.T.);
#3259 = VERTEX_POINT('',#3260);
#3260 = CARTESIAN_POINT('',(107.69,-108.65,0.));
#3261 = CIRCLE('',#3262,0.4);
#3262 = AXIS2_PLACEMENT_3D('',#3263,#3264,#3265);
#3263 = CARTESIAN_POINT('',(107.69,-108.25,0.));
#3264 = DIRECTION('',(-0.,0.,-1.));
#3265 = DIRECTION('',(-0.,-1.,0.));
#3266 = FACE_BOUND('',#3267,.F.);
#3267 = EDGE_LOOP('',(#3268));
#3268 = ORIENTED_EDGE('',*,*,#3269,.T.);
#3269 = EDGE_CURVE('',#3270,#3270,#3272,.T.);
#3270 = VERTEX_POINT('',#3271);
#3271 = CARTESIAN_POINT('',(105.41,-100.83,0.));
#3272 = CIRCLE('',#3273,0.5);
#3273 = AXIS2_PLACEMENT_3D('',#3274,#3275,#3276);
#3274 = CARTESIAN_POINT('',(105.41,-100.33,0.));
#3275 = DIRECTION('',(-0.,0.,-1.));
#3276 = DIRECTION('',(-0.,-1.,0.));
#3277 = FACE_BOUND('',#3278,.F.);
#3278 = EDGE_LOOP('',(#3279));
#3279 = ORIENTED_EDGE('',*,*,#3280,.T.);
#3280 = EDGE_CURVE('',#3281,#3281,#3283,.T.);
#3281 = VERTEX_POINT('',#3282);
#3282 = CARTESIAN_POINT('',(107.95,-100.83,0.));
#3283 = CIRCLE('',#3284,0.5);
#3284 = AXIS2_PLACEMENT_3D('',#3285,#3286,#3287);
#3285 = CARTESIAN_POINT('',(107.95,-100.33,0.));
#3286 = DIRECTION('',(-0.,0.,-1.));
#3287 = DIRECTION('',(-0.,-1.,0.));
#3288 = FACE_BOUND('',#3289,.F.);
#3289 = EDGE_LOOP('',(#3290));
#3290 = ORIENTED_EDGE('',*,*,#3291,.T.);
#3291 = EDGE_CURVE('',#3292,#3292,#3294,.T.);
#3292 = VERTEX_POINT('',#3293);
#3293 = CARTESIAN_POINT('',(115.31,-108.65,0.));
#3294 = CIRCLE('',#3295,0.4);
#3295 = AXIS2_PLACEMENT_3D('',#3296,#3297,#3298);
#3296 = CARTESIAN_POINT('',(115.31,-108.25,0.));
#3297 = DIRECTION('',(-0.,0.,-1.));
#3298 = DIRECTION('',(-0.,-1.,0.));
#3299 = FACE_BOUND('',#3300,.F.);
#3300 = EDGE_LOOP('',(#3301));
#3301 = ORIENTED_EDGE('',*,*,#3302,.T.);
#3302 = EDGE_CURVE('',#3303,#3303,#3305,.T.);
#3303 = VERTEX_POINT('',#3304);
#3304 = CARTESIAN_POINT('',(111.76,-100.83,0.));
#3305 = CIRCLE('',#3306,0.5);
#3306 = AXIS2_PLACEMENT_3D('',#3307,#3308,#3309);
#3307 = CARTESIAN_POINT('',(111.76,-100.33,0.));
#3308 = DIRECTION('',(-0.,0.,-1.));
#3309 = DIRECTION('',(-0.,-1.,0.));
#3310 = FACE_BOUND('',#3311,.F.);
#3311 = EDGE_LOOP('',(#3312));
#3312 = ORIENTED_EDGE('',*,*,#3313,.T.);
#3313 = EDGE_CURVE('',#3314,#3314,#3316,.T.);
#3314 = VERTEX_POINT('',#3315);
#3315 = CARTESIAN_POINT('',(115.57,-100.83,0.));
#3316 = CIRCLE('',#3317,0.5);
#3317 = AXIS2_PLACEMENT_3D('',#3318,#3319,#3320);
#3318 = CARTESIAN_POINT('',(115.57,-100.33,0.));
#3319 = DIRECTION('',(-0.,0.,-1.));
#3320 = DIRECTION('',(-0.,-1.,0.));
#3321 = PLANE('',#3322);
#3322 = AXIS2_PLACEMENT_3D('',#3323,#3324,#3325);
#3323 = CARTESIAN_POINT('',(0.,0.,0.));
#3324 = DIRECTION('',(0.,0.,1.));
#3325 = DIRECTION('',(1.,0.,-0.));
#3326 = ADVANCED_FACE('',(#3327,#3402,#3413,#3424,#3435,#3446,#3457,
    #3468,#3479,#3490,#3501,#3512,#3523),#3534,.T.);
#3327 = FACE_BOUND('',#3328,.T.);
#3328 = EDGE_LOOP('',(#3329,#3330,#3331,#3339,#3347,#3355,#3363,#3371,
    #3379,#3387,#3395,#3401));
#3329 = ORIENTED_EDGE('',*,*,#3025,.F.);
#3330 = ORIENTED_EDGE('',*,*,#3065,.F.);
#3331 = ORIENTED_EDGE('',*,*,#3332,.F.);
#3332 = EDGE_CURVE('',#3333,#3058,#3335,.T.);
#3333 = VERTEX_POINT('',#3334);
#3334 = CARTESIAN_POINT('',(102.175,-103.675,1.51));
#3335 = LINE('',#3336,#3337);
#3336 = CARTESIAN_POINT('',(102.175,-103.675,1.51));
#3337 = VECTOR('',#3338,1.);
#3338 = DIRECTION('',(0.314751983668,0.949173950747,0.));
#3339 = ORIENTED_EDGE('',*,*,#3340,.F.);
#3340 = EDGE_CURVE('',#3341,#3333,#3343,.T.);
#3341 = VERTEX_POINT('',#3342);
#3342 = CARTESIAN_POINT('',(95.05,-106.775,1.51));
#3343 = LINE('',#3344,#3345);
#3344 = CARTESIAN_POINT('',(95.05,-106.775,1.51));
#3345 = VECTOR('',#3346,1.);
#3346 = DIRECTION('',(0.916967723028,0.398961395282,0.));
#3347 = ORIENTED_EDGE('',*,*,#3348,.F.);
#3348 = EDGE_CURVE('',#3349,#3341,#3351,.T.);
#3349 = VERTEX_POINT('',#3350);
#3350 = CARTESIAN_POINT('',(95.05,-111.2,1.51));
#3351 = LINE('',#3352,#3353);
#3352 = CARTESIAN_POINT('',(95.05,-111.2,1.51));
#3353 = VECTOR('',#3354,1.);
#3354 = DIRECTION('',(0.,1.,0.));
#3355 = ORIENTED_EDGE('',*,*,#3356,.F.);
#3356 = EDGE_CURVE('',#3357,#3349,#3359,.T.);
#3357 = VERTEX_POINT('',#3358);
#3358 = CARTESIAN_POINT('',(100.175,-115.2,1.51));
#3359 = LINE('',#3360,#3361);
#3360 = CARTESIAN_POINT('',(100.175,-115.2,1.51));
#3361 = VECTOR('',#3362,1.);
#3362 = DIRECTION('',(-0.788315783485,0.615270855403,0.));
#3363 = ORIENTED_EDGE('',*,*,#3364,.F.);
#3364 = EDGE_CURVE('',#3365,#3357,#3367,.T.);
#3365 = VERTEX_POINT('',#3366);
#3366 = CARTESIAN_POINT('',(100.95,-122.025,1.51));
#3367 = LINE('',#3368,#3369);
#3368 = CARTESIAN_POINT('',(100.95,-122.025,1.51));
#3369 = VECTOR('',#3370,1.);
#3370 = DIRECTION('',(-0.112828023715,0.993614531428,0.));
#3371 = ORIENTED_EDGE('',*,*,#3372,.F.);
#3372 = EDGE_CURVE('',#3373,#3365,#3375,.T.);
#3373 = VERTEX_POINT('',#3374);
#3374 = CARTESIAN_POINT('',(118.525,-121.975,1.51));
#3375 = LINE('',#3376,#3377);
#3376 = CARTESIAN_POINT('',(118.525,-121.975,1.51));
#3377 = VECTOR('',#3378,1.);
#3378 = DIRECTION('',(-0.999995953154,-2.844938700296E-03,0.));
#3379 = ORIENTED_EDGE('',*,*,#3380,.F.);
#3380 = EDGE_CURVE('',#3381,#3373,#3383,.T.);
#3381 = VERTEX_POINT('',#3382);
#3382 = CARTESIAN_POINT('',(120.775,-114.175,1.51));
#3383 = LINE('',#3384,#3385);
#3384 = CARTESIAN_POINT('',(120.775,-114.175,1.51));
#3385 = VECTOR('',#3386,1.);
#3386 = DIRECTION('',(-0.277160651302,-0.960823591181,0.));
#3387 = ORIENTED_EDGE('',*,*,#3388,.F.);
#3388 = EDGE_CURVE('',#3389,#3381,#3391,.T.);
#3389 = VERTEX_POINT('',#3390);
#3390 = CARTESIAN_POINT('',(127.65,-111.175,1.51));
#3391 = LINE('',#3392,#3393);
#3392 = CARTESIAN_POINT('',(127.65,-111.175,1.51));
#3393 = VECTOR('',#3394,1.);
#3394 = DIRECTION('',(-0.91653937837,-0.399944456016,0.));
#3395 = ORIENTED_EDGE('',*,*,#3396,.F.);
#3396 = EDGE_CURVE('',#3088,#3389,#3397,.T.);
#3397 = LINE('',#3398,#3399);
#3398 = CARTESIAN_POINT('',(127.6,-106.775,1.51));
#3399 = VECTOR('',#3400,1.);
#3400 = DIRECTION('',(1.136290272883E-02,-0.999935440137,0.));
#3401 = ORIENTED_EDGE('',*,*,#3087,.F.);
#3402 = FACE_BOUND('',#3403,.T.);
#3403 = EDGE_LOOP('',(#3404));
#3404 = ORIENTED_EDGE('',*,*,#3405,.T.);
#3405 = EDGE_CURVE('',#3406,#3406,#3408,.T.);
#3406 = VERTEX_POINT('',#3407);
#3407 = CARTESIAN_POINT('',(106.68,-121.15,1.51));
#3408 = CIRCLE('',#3409,0.5);
#3409 = AXIS2_PLACEMENT_3D('',#3410,#3411,#3412);
#3410 = CARTESIAN_POINT('',(106.68,-120.65,1.51));
#3411 = DIRECTION('',(-0.,0.,-1.));
#3412 = DIRECTION('',(-0.,-1.,0.));
#3413 = FACE_BOUND('',#3414,.T.);
#3414 = EDGE_LOOP('',(#3415));
#3415 = ORIENTED_EDGE('',*,*,#3416,.T.);
#3416 = EDGE_CURVE('',#3417,#3417,#3419,.T.);
#3417 = VERTEX_POINT('',#3418);
#3418 = CARTESIAN_POINT('',(102.87,-116.07,1.51));
#3419 = CIRCLE('',#3420,0.5);
#3420 = AXIS2_PLACEMENT_3D('',#3421,#3422,#3423);
#3421 = CARTESIAN_POINT('',(102.87,-115.57,1.51));
#3422 = DIRECTION('',(-0.,0.,-1.));
#3423 = DIRECTION('',(-0.,-1.,0.));
#3424 = FACE_BOUND('',#3425,.T.);
#3425 = EDGE_LOOP('',(#3426));
#3426 = ORIENTED_EDGE('',*,*,#3427,.T.);
#3427 = EDGE_CURVE('',#3428,#3428,#3430,.T.);
#3428 = VERTEX_POINT('',#3429);
#3429 = CARTESIAN_POINT('',(107.69,-113.15,1.51));
#3430 = CIRCLE('',#3431,0.4);
#3431 = AXIS2_PLACEMENT_3D('',#3432,#3433,#3434);
#3432 = CARTESIAN_POINT('',(107.69,-112.75,1.51));
#3433 = DIRECTION('',(-0.,0.,-1.));
#3434 = DIRECTION('',(-0.,-1.,0.));
#3435 = FACE_BOUND('',#3436,.T.);
#3436 = EDGE_LOOP('',(#3437));
#3437 = ORIENTED_EDGE('',*,*,#3438,.T.);
#3438 = EDGE_CURVE('',#3439,#3439,#3441,.T.);
#3439 = VERTEX_POINT('',#3440);
#3440 = CARTESIAN_POINT('',(110.49,-121.15,1.51));
#3441 = CIRCLE('',#3442,0.5);
#3442 = AXIS2_PLACEMENT_3D('',#3443,#3444,#3445);
#3443 = CARTESIAN_POINT('',(110.49,-120.65,1.51));
#3444 = DIRECTION('',(-0.,0.,-1.));
#3445 = DIRECTION('',(-0.,-1.,0.));
#3446 = FACE_BOUND('',#3447,.T.);
#3447 = EDGE_LOOP('',(#3448));
#3448 = ORIENTED_EDGE('',*,*,#3449,.T.);
#3449 = EDGE_CURVE('',#3450,#3450,#3452,.T.);
#3450 = VERTEX_POINT('',#3451);
#3451 = CARTESIAN_POINT('',(116.84,-121.15,1.51));
#3452 = CIRCLE('',#3453,0.5);
#3453 = AXIS2_PLACEMENT_3D('',#3454,#3455,#3456);
#3454 = CARTESIAN_POINT('',(116.84,-120.65,1.51));
#3455 = DIRECTION('',(-0.,0.,-1.));
#3456 = DIRECTION('',(-0.,-1.,0.));
#3457 = FACE_BOUND('',#3458,.T.);
#3458 = EDGE_LOOP('',(#3459));
#3459 = ORIENTED_EDGE('',*,*,#3460,.T.);
#3460 = EDGE_CURVE('',#3461,#3461,#3463,.T.);
#3461 = VERTEX_POINT('',#3462);
#3462 = CARTESIAN_POINT('',(115.31,-113.15,1.51));
#3463 = CIRCLE('',#3464,0.4);
#3464 = AXIS2_PLACEMENT_3D('',#3465,#3466,#3467);
#3465 = CARTESIAN_POINT('',(115.31,-112.75,1.51));
#3466 = DIRECTION('',(-0.,0.,-1.));
#3467 = DIRECTION('',(-0.,-1.,0.));
#3468 = FACE_BOUND('',#3469,.T.);
#3469 = EDGE_LOOP('',(#3470));
#3470 = ORIENTED_EDGE('',*,*,#3471,.T.);
#3471 = EDGE_CURVE('',#3472,#3472,#3474,.T.);
#3472 = VERTEX_POINT('',#3473);
#3473 = CARTESIAN_POINT('',(107.69,-108.65,1.51));
#3474 = CIRCLE('',#3475,0.4);
#3475 = AXIS2_PLACEMENT_3D('',#3476,#3477,#3478);
#3476 = CARTESIAN_POINT('',(107.69,-108.25,1.51));
#3477 = DIRECTION('',(-0.,0.,-1.));
#3478 = DIRECTION('',(-0.,-1.,0.));
#3479 = FACE_BOUND('',#3480,.T.);
#3480 = EDGE_LOOP('',(#3481));
#3481 = ORIENTED_EDGE('',*,*,#3482,.T.);
#3482 = EDGE_CURVE('',#3483,#3483,#3485,.T.);
#3483 = VERTEX_POINT('',#3484);
#3484 = CARTESIAN_POINT('',(105.41,-100.83,1.51));
#3485 = CIRCLE('',#3486,0.5);
#3486 = AXIS2_PLACEMENT_3D('',#3487,#3488,#3489);
#3487 = CARTESIAN_POINT('',(105.41,-100.33,1.51));
#3488 = DIRECTION('',(-0.,0.,-1.));
#3489 = DIRECTION('',(-0.,-1.,0.));
#3490 = FACE_BOUND('',#3491,.T.);
#3491 = EDGE_LOOP('',(#3492));
#3492 = ORIENTED_EDGE('',*,*,#3493,.T.);
#3493 = EDGE_CURVE('',#3494,#3494,#3496,.T.);
#3494 = VERTEX_POINT('',#3495);
#3495 = CARTESIAN_POINT('',(107.95,-100.83,1.51));
#3496 = CIRCLE('',#3497,0.5);
#3497 = AXIS2_PLACEMENT_3D('',#3498,#3499,#3500);
#3498 = CARTESIAN_POINT('',(107.95,-100.33,1.51));
#3499 = DIRECTION('',(-0.,0.,-1.));
#3500 = DIRECTION('',(-0.,-1.,0.));
#3501 = FACE_BOUND('',#3502,.T.);
#3502 = EDGE_LOOP('',(#3503));
#3503 = ORIENTED_EDGE('',*,*,#3504,.T.);
#3504 = EDGE_CURVE('',#3505,#3505,#3507,.T.);
#3505 = VERTEX_POINT('',#3506);
#3506 = CARTESIAN_POINT('',(115.31,-108.65,1.51));
#3507 = CIRCLE('',#3508,0.4);
#3508 = AXIS2_PLACEMENT_3D('',#3509,#3510,#3511);
#3509 = CARTESIAN_POINT('',(115.31,-108.25,1.51));
#3510 = DIRECTION('',(-0.,0.,-1.));
#3511 = DIRECTION('',(-0.,-1.,0.));
#3512 = FACE_BOUND('',#3513,.T.);
#3513 = EDGE_LOOP('',(#3514));
#3514 = ORIENTED_EDGE('',*,*,#3515,.T.);
#3515 = EDGE_CURVE('',#3516,#3516,#3518,.T.);
#3516 = VERTEX_POINT('',#3517);
#3517 = CARTESIAN_POINT('',(111.76,-100.83,1.51));
#3518 = CIRCLE('',#3519,0.5);
#3519 = AXIS2_PLACEMENT_3D('',#3520,#3521,#3522);
#3520 = CARTESIAN_POINT('',(111.76,-100.33,1.51));
#3521 = DIRECTION('',(-0.,0.,-1.));
#3522 = DIRECTION('',(-0.,-1.,0.));
#3523 = FACE_BOUND('',#3524,.T.);
#3524 = EDGE_LOOP('',(#3525));
#3525 = ORIENTED_EDGE('',*,*,#3526,.T.);
#3526 = EDGE_CURVE('',#3527,#3527,#3529,.T.);
#3527 = VERTEX_POINT('',#3528);
#3528 = CARTESIAN_POINT('',(115.57,-100.83,1.51));
#3529 = CIRCLE('',#3530,0.5);
#3530 = AXIS2_PLACEMENT_3D('',#3531,#3532,#3533);
#3531 = CARTESIAN_POINT('',(115.57,-100.33,1.51));
#3532 = DIRECTION('',(-0.,0.,-1.));
#3533 = DIRECTION('',(-0.,-1.,0.));
#3534 = PLANE('',#3535);
#3535 = AXIS2_PLACEMENT_3D('',#3536,#3537,#3538);
#3536 = CARTESIAN_POINT('',(0.,0.,1.51));
#3537 = DIRECTION('',(0.,0.,1.));
#3538 = DIRECTION('',(1.,0.,-0.));
#3539 = ADVANCED_FACE('',(#3540),#3551,.T.);
#3540 = FACE_BOUND('',#3541,.T.);
#3541 = EDGE_LOOP('',(#3542,#3548,#3549,#3550));
#3542 = ORIENTED_EDGE('',*,*,#3543,.T.);
#3543 = EDGE_CURVE('',#3120,#3333,#3544,.T.);
#3544 = LINE('',#3545,#3546);
#3545 = CARTESIAN_POINT('',(102.175,-103.675,0.));
#3546 = VECTOR('',#3547,1.);
#3547 = DIRECTION('',(0.,0.,1.));
#3548 = ORIENTED_EDGE('',*,*,#3332,.T.);
#3549 = ORIENTED_EDGE('',*,*,#3055,.F.);
#3550 = ORIENTED_EDGE('',*,*,#3119,.F.);
#3551 = PLANE('',#3552);
#3552 = AXIS2_PLACEMENT_3D('',#3553,#3554,#3555);
#3553 = CARTESIAN_POINT('',(102.175,-103.675,0.));
#3554 = DIRECTION('',(-0.949173950747,0.314751983668,0.));
#3555 = DIRECTION('',(0.314751983668,0.949173950747,0.));
#3556 = ADVANCED_FACE('',(#3557),#3568,.T.);
#3557 = FACE_BOUND('',#3558,.T.);
#3558 = EDGE_LOOP('',(#3559,#3560,#3561,#3567));
#3559 = ORIENTED_EDGE('',*,*,#3095,.T.);
#3560 = ORIENTED_EDGE('',*,*,#3396,.T.);
#3561 = ORIENTED_EDGE('',*,*,#3562,.F.);
#3562 = EDGE_CURVE('',#3176,#3389,#3563,.T.);
#3563 = LINE('',#3564,#3565);
#3564 = CARTESIAN_POINT('',(127.65,-111.175,0.));
#3565 = VECTOR('',#3566,1.);
#3566 = DIRECTION('',(0.,0.,1.));
#3567 = ORIENTED_EDGE('',*,*,#3183,.F.);
#3568 = PLANE('',#3569);
#3569 = AXIS2_PLACEMENT_3D('',#3570,#3571,#3572);
#3570 = CARTESIAN_POINT('',(127.6,-106.775,0.));
#3571 = DIRECTION('',(0.999935440137,1.136290272883E-02,-0.));
#3572 = DIRECTION('',(1.136290272883E-02,-0.999935440137,0.));
#3573 = ADVANCED_FACE('',(#3574),#3585,.T.);
#3574 = FACE_BOUND('',#3575,.T.);
#3575 = EDGE_LOOP('',(#3576,#3582,#3583,#3584));
#3576 = ORIENTED_EDGE('',*,*,#3577,.T.);
#3577 = EDGE_CURVE('',#3128,#3341,#3578,.T.);
#3578 = LINE('',#3579,#3580);
#3579 = CARTESIAN_POINT('',(95.05,-106.775,0.));
#3580 = VECTOR('',#3581,1.);
#3581 = DIRECTION('',(0.,0.,1.));
#3582 = ORIENTED_EDGE('',*,*,#3340,.T.);
#3583 = ORIENTED_EDGE('',*,*,#3543,.F.);
#3584 = ORIENTED_EDGE('',*,*,#3127,.F.);
#3585 = PLANE('',#3586);
#3586 = AXIS2_PLACEMENT_3D('',#3587,#3588,#3589);
#3587 = CARTESIAN_POINT('',(95.05,-106.775,0.));
#3588 = DIRECTION('',(-0.398961395282,0.916967723028,0.));
#3589 = DIRECTION('',(0.916967723028,0.398961395282,0.));
#3590 = ADVANCED_FACE('',(#3591),#3602,.T.);
#3591 = FACE_BOUND('',#3592,.T.);
#3592 = EDGE_LOOP('',(#3593,#3594,#3595,#3601));
#3593 = ORIENTED_EDGE('',*,*,#3562,.T.);
#3594 = ORIENTED_EDGE('',*,*,#3388,.T.);
#3595 = ORIENTED_EDGE('',*,*,#3596,.F.);
#3596 = EDGE_CURVE('',#3168,#3381,#3597,.T.);
#3597 = LINE('',#3598,#3599);
#3598 = CARTESIAN_POINT('',(120.775,-114.175,0.));
#3599 = VECTOR('',#3600,1.);
#3600 = DIRECTION('',(0.,0.,1.));
#3601 = ORIENTED_EDGE('',*,*,#3175,.F.);
#3602 = PLANE('',#3603);
#3603 = AXIS2_PLACEMENT_3D('',#3604,#3605,#3606);
#3604 = CARTESIAN_POINT('',(127.65,-111.175,0.));
#3605 = DIRECTION('',(0.399944456016,-0.91653937837,0.));
#3606 = DIRECTION('',(-0.91653937837,-0.399944456016,0.));
#3607 = ADVANCED_FACE('',(#3608),#3619,.T.);
#3608 = FACE_BOUND('',#3609,.T.);
#3609 = EDGE_LOOP('',(#3610,#3616,#3617,#3618));
#3610 = ORIENTED_EDGE('',*,*,#3611,.T.);
#3611 = EDGE_CURVE('',#3136,#3349,#3612,.T.);
#3612 = LINE('',#3613,#3614);
#3613 = CARTESIAN_POINT('',(95.05,-111.2,0.));
#3614 = VECTOR('',#3615,1.);
#3615 = DIRECTION('',(0.,0.,1.));
#3616 = ORIENTED_EDGE('',*,*,#3348,.T.);
#3617 = ORIENTED_EDGE('',*,*,#3577,.F.);
#3618 = ORIENTED_EDGE('',*,*,#3135,.F.);
#3619 = PLANE('',#3620);
#3620 = AXIS2_PLACEMENT_3D('',#3621,#3622,#3623);
#3621 = CARTESIAN_POINT('',(95.05,-111.2,0.));
#3622 = DIRECTION('',(-1.,0.,0.));
#3623 = DIRECTION('',(0.,1.,0.));
#3624 = ADVANCED_FACE('',(#3625),#3636,.T.);
#3625 = FACE_BOUND('',#3626,.T.);
#3626 = EDGE_LOOP('',(#3627,#3628,#3629,#3635));
#3627 = ORIENTED_EDGE('',*,*,#3596,.T.);
#3628 = ORIENTED_EDGE('',*,*,#3380,.T.);
#3629 = ORIENTED_EDGE('',*,*,#3630,.F.);
#3630 = EDGE_CURVE('',#3160,#3373,#3631,.T.);
#3631 = LINE('',#3632,#3633);
#3632 = CARTESIAN_POINT('',(118.525,-121.975,0.));
#3633 = VECTOR('',#3634,1.);
#3634 = DIRECTION('',(0.,0.,1.));
#3635 = ORIENTED_EDGE('',*,*,#3167,.F.);
#3636 = PLANE('',#3637);
#3637 = AXIS2_PLACEMENT_3D('',#3638,#3639,#3640);
#3638 = CARTESIAN_POINT('',(120.775,-114.175,0.));
#3639 = DIRECTION('',(0.960823591181,-0.277160651302,0.));
#3640 = DIRECTION('',(-0.277160651302,-0.960823591181,0.));
#3641 = ADVANCED_FACE('',(#3642),#3653,.T.);
#3642 = FACE_BOUND('',#3643,.T.);
#3643 = EDGE_LOOP('',(#3644,#3650,#3651,#3652));
#3644 = ORIENTED_EDGE('',*,*,#3645,.T.);
#3645 = EDGE_CURVE('',#3144,#3357,#3646,.T.);
#3646 = LINE('',#3647,#3648);
#3647 = CARTESIAN_POINT('',(100.175,-115.2,0.));
#3648 = VECTOR('',#3649,1.);
#3649 = DIRECTION('',(0.,0.,1.));
#3650 = ORIENTED_EDGE('',*,*,#3356,.T.);
#3651 = ORIENTED_EDGE('',*,*,#3611,.F.);
#3652 = ORIENTED_EDGE('',*,*,#3143,.F.);
#3653 = PLANE('',#3654);
#3654 = AXIS2_PLACEMENT_3D('',#3655,#3656,#3657);
#3655 = CARTESIAN_POINT('',(100.175,-115.2,0.));
#3656 = DIRECTION('',(-0.615270855403,-0.788315783485,0.));
#3657 = DIRECTION('',(-0.788315783485,0.615270855403,0.));
#3658 = ADVANCED_FACE('',(#3659),#3670,.T.);
#3659 = FACE_BOUND('',#3660,.T.);
#3660 = EDGE_LOOP('',(#3661,#3662,#3663,#3669));
#3661 = ORIENTED_EDGE('',*,*,#3630,.T.);
#3662 = ORIENTED_EDGE('',*,*,#3372,.T.);
#3663 = ORIENTED_EDGE('',*,*,#3664,.F.);
#3664 = EDGE_CURVE('',#3152,#3365,#3665,.T.);
#3665 = LINE('',#3666,#3667);
#3666 = CARTESIAN_POINT('',(100.95,-122.025,0.));
#3667 = VECTOR('',#3668,1.);
#3668 = DIRECTION('',(0.,0.,1.));
#3669 = ORIENTED_EDGE('',*,*,#3159,.F.);
#3670 = PLANE('',#3671);
#3671 = AXIS2_PLACEMENT_3D('',#3672,#3673,#3674);
#3672 = CARTESIAN_POINT('',(118.525,-121.975,0.));
#3673 = DIRECTION('',(2.844938700296E-03,-0.999995953154,0.));
#3674 = DIRECTION('',(-0.999995953154,-2.844938700296E-03,0.));
#3675 = ADVANCED_FACE('',(#3676),#3682,.T.);
#3676 = FACE_BOUND('',#3677,.T.);
#3677 = EDGE_LOOP('',(#3678,#3679,#3680,#3681));
#3678 = ORIENTED_EDGE('',*,*,#3664,.T.);
#3679 = ORIENTED_EDGE('',*,*,#3364,.T.);
#3680 = ORIENTED_EDGE('',*,*,#3645,.F.);
#3681 = ORIENTED_EDGE('',*,*,#3151,.F.);
#3682 = PLANE('',#3683);
#3683 = AXIS2_PLACEMENT_3D('',#3684,#3685,#3686);
#3684 = CARTESIAN_POINT('',(100.95,-122.025,0.));
#3685 = DIRECTION('',(-0.993614531428,-0.112828023715,0.));
#3686 = DIRECTION('',(-0.112828023715,0.993614531428,0.));
#3687 = ADVANCED_FACE('',(#3688),#3699,.F.);
#3688 = FACE_BOUND('',#3689,.T.);
#3689 = EDGE_LOOP('',(#3690,#3691,#3697,#3698));
#3690 = ORIENTED_EDGE('',*,*,#3192,.T.);
#3691 = ORIENTED_EDGE('',*,*,#3692,.T.);
#3692 = EDGE_CURVE('',#3193,#3406,#3693,.T.);
#3693 = LINE('',#3694,#3695);
#3694 = CARTESIAN_POINT('',(106.68,-121.15,-4.6E-02));
#3695 = VECTOR('',#3696,1.);
#3696 = DIRECTION('',(0.,0.,1.));
#3697 = ORIENTED_EDGE('',*,*,#3405,.F.);
#3698 = ORIENTED_EDGE('',*,*,#3692,.F.);
#3699 = CYLINDRICAL_SURFACE('',#3700,0.5);
#3700 = AXIS2_PLACEMENT_3D('',#3701,#3702,#3703);
#3701 = CARTESIAN_POINT('',(106.68,-120.65,-4.6E-02));
#3702 = DIRECTION('',(-0.,-0.,-1.));
#3703 = DIRECTION('',(-0.,-1.,0.));
#3704 = ADVANCED_FACE('',(#3705),#3716,.F.);
#3705 = FACE_BOUND('',#3706,.T.);
#3706 = EDGE_LOOP('',(#3707,#3708,#3714,#3715));
#3707 = ORIENTED_EDGE('',*,*,#3203,.T.);
#3708 = ORIENTED_EDGE('',*,*,#3709,.T.);
#3709 = EDGE_CURVE('',#3204,#3417,#3710,.T.);
#3710 = LINE('',#3711,#3712);
#3711 = CARTESIAN_POINT('',(102.87,-116.07,-4.6E-02));
#3712 = VECTOR('',#3713,1.);
#3713 = DIRECTION('',(0.,0.,1.));
#3714 = ORIENTED_EDGE('',*,*,#3416,.F.);
#3715 = ORIENTED_EDGE('',*,*,#3709,.F.);
#3716 = CYLINDRICAL_SURFACE('',#3717,0.5);
#3717 = AXIS2_PLACEMENT_3D('',#3718,#3719,#3720);
#3718 = CARTESIAN_POINT('',(102.87,-115.57,-4.6E-02));
#3719 = DIRECTION('',(-0.,-0.,-1.));
#3720 = DIRECTION('',(-0.,-1.,0.));
#3721 = ADVANCED_FACE('',(#3722),#3733,.F.);
#3722 = FACE_BOUND('',#3723,.T.);
#3723 = EDGE_LOOP('',(#3724,#3725,#3731,#3732));
#3724 = ORIENTED_EDGE('',*,*,#3214,.T.);
#3725 = ORIENTED_EDGE('',*,*,#3726,.T.);
#3726 = EDGE_CURVE('',#3215,#3428,#3727,.T.);
#3727 = LINE('',#3728,#3729);
#3728 = CARTESIAN_POINT('',(107.69,-113.15,-4.6E-02));
#3729 = VECTOR('',#3730,1.);
#3730 = DIRECTION('',(0.,0.,1.));
#3731 = ORIENTED_EDGE('',*,*,#3427,.F.);
#3732 = ORIENTED_EDGE('',*,*,#3726,.F.);
#3733 = CYLINDRICAL_SURFACE('',#3734,0.4);
#3734 = AXIS2_PLACEMENT_3D('',#3735,#3736,#3737);
#3735 = CARTESIAN_POINT('',(107.69,-112.75,-4.6E-02));
#3736 = DIRECTION('',(-0.,-0.,-1.));
#3737 = DIRECTION('',(-0.,-1.,0.));
#3738 = ADVANCED_FACE('',(#3739),#3750,.F.);
#3739 = FACE_BOUND('',#3740,.T.);
#3740 = EDGE_LOOP('',(#3741,#3742,#3748,#3749));
#3741 = ORIENTED_EDGE('',*,*,#3225,.T.);
#3742 = ORIENTED_EDGE('',*,*,#3743,.T.);
#3743 = EDGE_CURVE('',#3226,#3439,#3744,.T.);
#3744 = LINE('',#3745,#3746);
#3745 = CARTESIAN_POINT('',(110.49,-121.15,-4.6E-02));
#3746 = VECTOR('',#3747,1.);
#3747 = DIRECTION('',(0.,0.,1.));
#3748 = ORIENTED_EDGE('',*,*,#3438,.F.);
#3749 = ORIENTED_EDGE('',*,*,#3743,.F.);
#3750 = CYLINDRICAL_SURFACE('',#3751,0.5);
#3751 = AXIS2_PLACEMENT_3D('',#3752,#3753,#3754);
#3752 = CARTESIAN_POINT('',(110.49,-120.65,-4.6E-02));
#3753 = DIRECTION('',(-0.,-0.,-1.));
#3754 = DIRECTION('',(-0.,-1.,0.));
#3755 = ADVANCED_FACE('',(#3756),#3767,.F.);
#3756 = FACE_BOUND('',#3757,.T.);
#3757 = EDGE_LOOP('',(#3758,#3759,#3765,#3766));
#3758 = ORIENTED_EDGE('',*,*,#3236,.T.);
#3759 = ORIENTED_EDGE('',*,*,#3760,.T.);
#3760 = EDGE_CURVE('',#3237,#3450,#3761,.T.);
#3761 = LINE('',#3762,#3763);
#3762 = CARTESIAN_POINT('',(116.84,-121.15,-4.6E-02));
#3763 = VECTOR('',#3764,1.);
#3764 = DIRECTION('',(0.,0.,1.));
#3765 = ORIENTED_EDGE('',*,*,#3449,.F.);
#3766 = ORIENTED_EDGE('',*,*,#3760,.F.);
#3767 = CYLINDRICAL_SURFACE('',#3768,0.5);
#3768 = AXIS2_PLACEMENT_3D('',#3769,#3770,#3771);
#3769 = CARTESIAN_POINT('',(116.84,-120.65,-4.6E-02));
#3770 = DIRECTION('',(-0.,-0.,-1.));
#3771 = DIRECTION('',(-0.,-1.,0.));
#3772 = ADVANCED_FACE('',(#3773),#3784,.F.);
#3773 = FACE_BOUND('',#3774,.T.);
#3774 = EDGE_LOOP('',(#3775,#3776,#3782,#3783));
#3775 = ORIENTED_EDGE('',*,*,#3247,.T.);
#3776 = ORIENTED_EDGE('',*,*,#3777,.T.);
#3777 = EDGE_CURVE('',#3248,#3461,#3778,.T.);
#3778 = LINE('',#3779,#3780);
#3779 = CARTESIAN_POINT('',(115.31,-113.15,-4.6E-02));
#3780 = VECTOR('',#3781,1.);
#3781 = DIRECTION('',(0.,0.,1.));
#3782 = ORIENTED_EDGE('',*,*,#3460,.F.);
#3783 = ORIENTED_EDGE('',*,*,#3777,.F.);
#3784 = CYLINDRICAL_SURFACE('',#3785,0.4);
#3785 = AXIS2_PLACEMENT_3D('',#3786,#3787,#3788);
#3786 = CARTESIAN_POINT('',(115.31,-112.75,-4.6E-02));
#3787 = DIRECTION('',(-0.,-0.,-1.));
#3788 = DIRECTION('',(-0.,-1.,0.));
#3789 = ADVANCED_FACE('',(#3790),#3801,.F.);
#3790 = FACE_BOUND('',#3791,.T.);
#3791 = EDGE_LOOP('',(#3792,#3793,#3799,#3800));
#3792 = ORIENTED_EDGE('',*,*,#3258,.T.);
#3793 = ORIENTED_EDGE('',*,*,#3794,.T.);
#3794 = EDGE_CURVE('',#3259,#3472,#3795,.T.);
#3795 = LINE('',#3796,#3797);
#3796 = CARTESIAN_POINT('',(107.69,-108.65,-4.6E-02));
#3797 = VECTOR('',#3798,1.);
#3798 = DIRECTION('',(0.,0.,1.));
#3799 = ORIENTED_EDGE('',*,*,#3471,.F.);
#3800 = ORIENTED_EDGE('',*,*,#3794,.F.);
#3801 = CYLINDRICAL_SURFACE('',#3802,0.4);
#3802 = AXIS2_PLACEMENT_3D('',#3803,#3804,#3805);
#3803 = CARTESIAN_POINT('',(107.69,-108.25,-4.6E-02));
#3804 = DIRECTION('',(-0.,-0.,-1.));
#3805 = DIRECTION('',(-0.,-1.,0.));
#3806 = ADVANCED_FACE('',(#3807),#3818,.F.);
#3807 = FACE_BOUND('',#3808,.T.);
#3808 = EDGE_LOOP('',(#3809,#3810,#3816,#3817));
#3809 = ORIENTED_EDGE('',*,*,#3269,.T.);
#3810 = ORIENTED_EDGE('',*,*,#3811,.T.);
#3811 = EDGE_CURVE('',#3270,#3483,#3812,.T.);
#3812 = LINE('',#3813,#3814);
#3813 = CARTESIAN_POINT('',(105.41,-100.83,-4.6E-02));
#3814 = VECTOR('',#3815,1.);
#3815 = DIRECTION('',(0.,0.,1.));
#3816 = ORIENTED_EDGE('',*,*,#3482,.F.);
#3817 = ORIENTED_EDGE('',*,*,#3811,.F.);
#3818 = CYLINDRICAL_SURFACE('',#3819,0.5);
#3819 = AXIS2_PLACEMENT_3D('',#3820,#3821,#3822);
#3820 = CARTESIAN_POINT('',(105.41,-100.33,-4.6E-02));
#3821 = DIRECTION('',(-0.,-0.,-1.));
#3822 = DIRECTION('',(-0.,-1.,0.));
#3823 = ADVANCED_FACE('',(#3824),#3835,.F.);
#3824 = FACE_BOUND('',#3825,.T.);
#3825 = EDGE_LOOP('',(#3826,#3827,#3833,#3834));
#3826 = ORIENTED_EDGE('',*,*,#3280,.T.);
#3827 = ORIENTED_EDGE('',*,*,#3828,.T.);
#3828 = EDGE_CURVE('',#3281,#3494,#3829,.T.);
#3829 = LINE('',#3830,#3831);
#3830 = CARTESIAN_POINT('',(107.95,-100.83,-4.6E-02));
#3831 = VECTOR('',#3832,1.);
#3832 = DIRECTION('',(0.,0.,1.));
#3833 = ORIENTED_EDGE('',*,*,#3493,.F.);
#3834 = ORIENTED_EDGE('',*,*,#3828,.F.);
#3835 = CYLINDRICAL_SURFACE('',#3836,0.5);
#3836 = AXIS2_PLACEMENT_3D('',#3837,#3838,#3839);
#3837 = CARTESIAN_POINT('',(107.95,-100.33,-4.6E-02));
#3838 = DIRECTION('',(-0.,-0.,-1.));
#3839 = DIRECTION('',(-0.,-1.,0.));
#3840 = ADVANCED_FACE('',(#3841),#3852,.F.);
#3841 = FACE_BOUND('',#3842,.T.);
#3842 = EDGE_LOOP('',(#3843,#3844,#3850,#3851));
#3843 = ORIENTED_EDGE('',*,*,#3291,.T.);
#3844 = ORIENTED_EDGE('',*,*,#3845,.T.);
#3845 = EDGE_CURVE('',#3292,#3505,#3846,.T.);
#3846 = LINE('',#3847,#3848);
#3847 = CARTESIAN_POINT('',(115.31,-108.65,-4.6E-02));
#3848 = VECTOR('',#3849,1.);
#3849 = DIRECTION('',(0.,0.,1.));
#3850 = ORIENTED_EDGE('',*,*,#3504,.F.);
#3851 = ORIENTED_EDGE('',*,*,#3845,.F.);
#3852 = CYLINDRICAL_SURFACE('',#3853,0.4);
#3853 = AXIS2_PLACEMENT_3D('',#3854,#3855,#3856);
#3854 = CARTESIAN_POINT('',(115.31,-108.25,-4.6E-02));
#3855 = DIRECTION('',(-0.,-0.,-1.));
#3856 = DIRECTION('',(-0.,-1.,0.));
#3857 = ADVANCED_FACE('',(#3858),#3869,.F.);
#3858 = FACE_BOUND('',#3859,.T.);
#3859 = EDGE_LOOP('',(#3860,#3861,#3867,#3868));
#3860 = ORIENTED_EDGE('',*,*,#3302,.T.);
#3861 = ORIENTED_EDGE('',*,*,#3862,.T.);
#3862 = EDGE_CURVE('',#3303,#3516,#3863,.T.);
#3863 = LINE('',#3864,#3865);
#3864 = CARTESIAN_POINT('',(111.76,-100.83,-4.6E-02));
#3865 = VECTOR('',#3866,1.);
#3866 = DIRECTION('',(0.,0.,1.));
#3867 = ORIENTED_EDGE('',*,*,#3515,.F.);
#3868 = ORIENTED_EDGE('',*,*,#3862,.F.);
#3869 = CYLINDRICAL_SURFACE('',#3870,0.5);
#3870 = AXIS2_PLACEMENT_3D('',#3871,#3872,#3873);
#3871 = CARTESIAN_POINT('',(111.76,-100.33,-4.6E-02));
#3872 = DIRECTION('',(-0.,-0.,-1.));
#3873 = DIRECTION('',(-0.,-1.,0.));
#3874 = ADVANCED_FACE('',(#3875),#3886,.F.);
#3875 = FACE_BOUND('',#3876,.T.);
#3876 = EDGE_LOOP('',(#3877,#3878,#3884,#3885));
#3877 = ORIENTED_EDGE('',*,*,#3313,.T.);
#3878 = ORIENTED_EDGE('',*,*,#3879,.T.);
#3879 = EDGE_CURVE('',#3314,#3527,#3880,.T.);
#3880 = LINE('',#3881,#3882);
#3881 = CARTESIAN_POINT('',(115.57,-100.83,-4.6E-02));
#3882 = VECTOR('',#3883,1.);
#3883 = DIRECTION('',(0.,0.,1.));
#3884 = ORIENTED_EDGE('',*,*,#3526,.F.);
#3885 = ORIENTED_EDGE('',*,*,#3879,.F.);
#3886 = CYLINDRICAL_SURFACE('',#3887,0.5);
#3887 = AXIS2_PLACEMENT_3D('',#3888,#3889,#3890);
#3888 = CARTESIAN_POINT('',(115.57,-100.33,-4.6E-02));
#3889 = DIRECTION('',(-0.,-0.,-1.));
#3890 = DIRECTION('',(-0.,-1.,0.));
#3891 = ( GEOMETRIC_REPRESENTATION_CONTEXT(3) 
GLOBAL_UNCERTAINTY_ASSIGNED_CONTEXT((#3895)) 
GLOBAL_UNIT_ASSIGNED_CONTEXT((#3892,#3893,#3894)) REPRESENTATION_CONTEXT
('Context #1','3D Context with UNIT and UNCERTAINTY') );
#3892 = ( LENGTH_UNIT() NAMED_UNIT(*) SI_UNIT(.MILLI.,.METRE.) );
#3893 = ( NAMED_UNIT(*) PLANE_ANGLE_UNIT() SI_UNIT($,.RADIAN.) );
#3894 = ( NAMED_UNIT(*) SI_UNIT($,.STERADIAN.) SOLID_ANGLE_UNIT() );
#3895 = UNCERTAINTY_MEASURE_WITH_UNIT(LENGTH_MEASURE(1.E-07),#3892,
  'distance_accuracy_value','confusion accuracy');
#3896 = CONTEXT_DEPENDENT_SHAPE_REPRESENTATION(#3897,#3899);
#3897 = ( REPRESENTATION_RELATIONSHIP('','',#3008,#10) 
REPRESENTATION_RELATIONSHIP_WITH_TRANSFORMATION(#3898) 
SHAPE_REPRESENTATION_RELATIONSHIP() );
#3898 = ITEM_DEFINED_TRANSFORMATION('','',#11,#51);
#3899 = PRODUCT_DEFINITION_SHAPE('Placement','Placement of an item',
  #3900);
#3900 = NEXT_ASSEMBLY_USAGE_OCCURRENCE('10','=>[0:1:1:5]','',#5,#3003,$
  );
#3901 = PRODUCT_RELATED_PRODUCT_CATEGORY('part',$,(#3005));
#3902 = MECHANICAL_DESIGN_GEOMETRIC_PRESENTATION_REPRESENTATION('',(
    #3903),#3891);
#3903 = STYLED_ITEM('color',(#3904),#3009);
#3904 = PRESENTATION_STYLE_ASSIGNMENT((#3905));
#3905 = SURFACE_STYLE_USAGE(.BOTH.,#3906);
#3906 = SURFACE_SIDE_STYLE('',(#3907));
#3907 = SURFACE_STYLE_FILL_AREA(#3908);
#3908 = FILL_AREA_STYLE('',(#3909));
#3909 = FILL_AREA_STYLE_COLOUR('',#3910);
#3910 = COLOUR_RGB('',0.313304153717,0.484529207832,0.410020903123);
ENDSEC;
END-ISO-10303-21;
